
  .   ____          _            __ _ _
 /\\ / ___'_ __ _ _(_)_ __  __ _ \ \ \ \
( ( )\___ | '_ | '_| | '_ \/ _` | \ \ \ \
 \\/  ___)| |_)| | | | | || (_| |  ) ) ) )
  '  |____| .__|_| |_|_| |_\__, | / / / /
 =========|_|==============|___/=/_/_/_/
 :: Spring Boot ::               (v2.7.18)

2026-04-23 05:30:34.322  INFO 12180 --- [           main] c.e.EvBatteryPlatformApplication         : Starting EvBatteryPlatformApplication v1.0.0-SNAPSHOT using Java 22.0.1 on HBJ with PID 12180 (D:\HuaweiMoveData\Users\hbj\Desktop\EV-Battery\ev-battery-platform-backend\target\ev-battery-platform-backend-1.0.0-SNAPSHOT.jar started by hbj in D:\HuaweiMoveData\Users\hbj\Desktop\EV-Battery\ev-battery-platform-backend)
2026-04-23 05:30:34.326  INFO 12180 --- [           main] c.e.EvBatteryPlatformApplication         : The following 1 profile is active: "dev"
2026-04-23 05:30:34.327 DEBUG 12180 --- [           main] o.s.boot.SpringApplication               : Loading source class com.evbattery.EvBatteryPlatformApplication
2026-04-23 05:30:34.395 DEBUG 12180 --- [           main] ConfigServletWebServerApplicationContext : Refreshing org.springframework.boot.web.servlet.context.AnnotationConfigServletWebServerApplicationContext@28eaa59a
2026-04-23 05:30:35.870 DEBUG 12180 --- [           main] o.s.b.a.AutoConfigurationPackages        : @EnableAutoConfiguration was declared on a class in the package 'com.evbattery'. Automatic @Repository and @Entity scanning is enabled.
2026-04-23 05:30:35.992  INFO 12180 --- [           main] .s.d.r.c.RepositoryConfigurationDelegate : Multiple Spring Data modules found, entering strict repository configuration mode
2026-04-23 05:30:35.995  INFO 12180 --- [           main] .s.d.r.c.RepositoryConfigurationDelegate : Bootstrapping Spring Data Redis repositories in DEFAULT mode.
2026-04-23 05:30:36.025  INFO 12180 --- [           main] .s.d.r.c.RepositoryConfigurationDelegate : Finished Spring Data repository scanning in 13 ms. Found 0 Redis repository interfaces.
2026-04-23 05:30:37.423 DEBUG 12180 --- [           main] .s.b.w.e.t.TomcatServletWebServerFactory : Code archive: D:\HuaweiMoveData\Users\hbj\Desktop\EV-Battery\ev-battery-platform-backend\target\ev-battery-platform-backend-1.0.0-SNAPSHOT.jar
2026-04-23 05:30:37.425 DEBUG 12180 --- [           main] .s.b.w.e.t.TomcatServletWebServerFactory : Code archive: D:\HuaweiMoveData\Users\hbj\Desktop\EV-Battery\ev-battery-platform-backend\target\ev-battery-platform-backend-1.0.0-SNAPSHOT.jar
2026-04-23 05:30:37.427 DEBUG 12180 --- [           main] .s.b.w.e.t.TomcatServletWebServerFactory : None of the document roots [src/main/webapp, public, static] point to a directory and will be ignored.
2026-04-23 05:30:37.492  INFO 12180 --- [           main] o.s.b.w.embedded.tomcat.TomcatWebServer  : Tomcat initialized with port(s): 8081 (http)
2026-04-23 05:30:37.513  INFO 12180 --- [           main] o.apache.catalina.core.StandardService   : Starting service [Tomcat]
2026-04-23 05:30:37.514  INFO 12180 --- [           main] org.apache.catalina.core.StandardEngine  : Starting Servlet engine: [Apache Tomcat/9.0.83]
2026-04-23 05:30:37.667  INFO 12180 --- [           main] o.a.c.c.C.[Tomcat].[localhost].[/]       : Initializing Spring embedded WebApplicationContext
2026-04-23 05:30:37.668 DEBUG 12180 --- [           main] w.s.c.ServletWebServerApplicationContext : Published root WebApplicationContext as ServletContext attribute with name [org.springframework.web.context.WebApplicationContext.ROOT]
2026-04-23 05:30:37.668  INFO 12180 --- [           main] w.s.c.ServletWebServerApplicationContext : Root WebApplicationContext: initialization completed in 3273 ms
2026-04-23 05:30:37.719 DEBUG 12180 --- [           main] o.s.b.w.s.ServletContextInitializerBeans : Mapping filters: springSecurityFilterChain urls=[/*] order=-100, filterRegistrationBean urls=[/*] order=2147483647, characterEncodingFilter urls=[/*] order=-2147483648, formContentFilter urls=[/*] order=-9900, requestContextFilter urls=[/*] order=-105
2026-04-23 05:30:37.720 DEBUG 12180 --- [           main] o.s.b.w.s.ServletContextInitializerBeans : Mapping servlets: dispatcherServlet urls=[/]
2026-04-23 05:30:37.796 DEBUG 12180 --- [           main] o.s.b.w.s.f.OrderedRequestContextFilter  : Filter 'requestContextFilter' configured for use
2026-04-23 05:30:37.798 DEBUG 12180 --- [           main] s.b.w.s.f.OrderedCharacterEncodingFilter : Filter 'characterEncodingFilter' configured for use
2026-04-23 05:30:37.799 DEBUG 12180 --- [           main] .DelegatingFilterProxyRegistrationBean$1 : Filter 'springSecurityFilterChain' configured for use
2026-04-23 05:30:37.800 DEBUG 12180 --- [           main] o.s.b.w.s.f.OrderedFormContentFilter     : Filter 'formContentFilter' configured for use
2026-04-23 05:30:37.968  INFO 12180 --- [           main] com.zaxxer.hikari.HikariDataSource       : HikariPool-1 - Starting...
2026-04-23 05:30:38.387  INFO 12180 --- [           main] com.zaxxer.hikari.HikariDataSource       : HikariPool-1 - Start completed.
 _ _   |_  _ _|_. ___ _ |    _ 
| | |\/|_)(_| | |_\  |_)||_|_\ 
     /               |         
                        3.5.5 
2026-04-23 05:30:39.723 DEBUG 12180 --- [           main] ySourcesPropertyResolver$DefaultResolver : Found key 'ZHIPU_API_KEY' in PropertySource 'systemEnvironment' with value of type String
2026-04-23 05:30:39.760 DEBUG 12180 --- [           main] ySourcesPropertyResolver$DefaultResolver : Found key 'ZHIPU_API_KEY' in PropertySource 'systemEnvironment' with value of type String
2026-04-23 05:30:41.267 DEBUG 12180 --- [           main] s.w.s.m.m.a.RequestMappingHandlerMapping : 114 mappings in 'requestMappingHandlerMapping'
2026-04-23 05:30:41.470  WARN 12180 --- [           main] .s.s.UserDetailsServiceAutoConfiguration : 

Using generated security password: 26759e40-bd3e-4746-b6d2-602838dc5cd6

This generated password is for development use only. Your security configuration must be updated before running your application in production.

2026-04-23 05:30:41.624  INFO 12180 --- [           main] o.s.s.web.DefaultSecurityFilterChain     : Will secure any request with [org.springframework.security.web.session.DisableEncodeUrlFilter@49c8f6e8, org.springframework.security.web.context.request.async.WebAsyncManagerIntegrationFilter@6b0615ae, org.springframework.security.web.context.SecurityContextPersistenceFilter@6ea04618, org.springframework.security.web.header.HeaderWriterFilter@431f1eaf, org.springframework.security.web.authentication.logout.LogoutFilter@39c1fe0b, org.springframework.security.web.savedrequest.RequestCacheAwareFilter@56078cea, org.springframework.security.web.servletapi.SecurityContextHolderAwareRequestFilter@5a00eb1e, org.springframework.security.web.authentication.AnonymousAuthenticationFilter@4e73b552, org.springframework.security.web.session.SessionManagementFilter@4c59e45e, org.springframework.security.web.access.ExceptionTranslationFilter@27ace0b1, org.springframework.security.web.access.intercept.FilterSecurityInterceptor@7c9bdee9]
2026-04-23 05:30:41.739 DEBUG 12180 --- [           main] s.w.s.m.m.a.RequestMappingHandlerAdapter : ControllerAdvice beans: 0 @ModelAttribute, 0 @InitBinder, 1 RequestBodyAdvice, 1 ResponseBodyAdvice
2026-04-23 05:30:41.843 DEBUG 12180 --- [           main] o.s.w.s.handler.SimpleUrlHandlerMapping  : Patterns [/swagger-ui/] in 'viewControllerHandlerMapping'
2026-04-23 05:30:41.870 DEBUG 12180 --- [           main] o.s.w.s.handler.SimpleUrlHandlerMapping  : Patterns [/webjars/**, /**, /swagger-ui/**] in 'resourceHandlerMapping'
2026-04-23 05:30:41.886 DEBUG 12180 --- [           main] .m.m.a.ExceptionHandlerExceptionResolver : ControllerAdvice beans: 1 @ExceptionHandler, 1 ResponseBodyAdvice
2026-04-23 05:30:42.206  INFO 12180 --- [           main] o.s.b.w.embedded.tomcat.TomcatWebServer  : Tomcat started on port(s): 8081 (http) with context path ''
2026-04-23 05:30:42.993 DEBUG 12180 --- [           main] ConditionEvaluationReportLoggingListener : 


============================
CONDITIONS EVALUATION REPORT
============================


Positive matches:
-----------------

   AopAutoConfiguration matched:
      - @ConditionalOnProperty (spring.aop.auto=true) matched (OnPropertyCondition)

   AopAutoConfiguration.AspectJAutoProxyingConfiguration matched:
      - @ConditionalOnClass found required class 'org.aspectj.weaver.Advice' (OnClassCondition)

   AopAutoConfiguration.AspectJAutoProxyingConfiguration.CglibAutoProxyConfiguration matched:
      - @ConditionalOnProperty (spring.aop.proxy-target-class=true) matched (OnPropertyCondition)

   ApplicationAvailabilityAutoConfiguration#applicationAvailability matched:
      - @ConditionalOnMissingBean (types: org.springframework.boot.availability.ApplicationAvailability; SearchStrategy: all) did not find any beans (OnBeanCondition)

   BeanValidatorPluginsConfiguration matched:
      - @ConditionalOnClass found required class 'javax.validation.executable.ExecutableValidator' (OnClassCondition)

   DataSourceAutoConfiguration matched:
      - @ConditionalOnClass found required classes 'javax.sql.DataSource', 'org.springframework.jdbc.datasource.embedded.EmbeddedDatabaseType' (OnClassCondition)
      - @ConditionalOnMissingBean (types: io.r2dbc.spi.ConnectionFactory; SearchStrategy: all) did not find any beans (OnBeanCondition)

   DataSourceAutoConfiguration.PooledDataSourceConfiguration matched:
      - AnyNestedCondition 1 matched 1 did not; NestedCondition on DataSourceAutoConfiguration.PooledDataSourceCondition.PooledDataSourceAvailable PooledDataSource found supported DataSource; NestedCondition on DataSourceAutoConfiguration.PooledDataSourceCondition.ExplicitType @ConditionalOnProperty (spring.datasource.type) did not find property 'type' (DataSourceAutoConfiguration.PooledDataSourceCondition)
      - @ConditionalOnMissingBean (types: javax.sql.DataSource,javax.sql.XADataSource; SearchStrategy: all) did not find any beans (OnBeanCondition)

   DataSourceConfiguration.Hikari matched:
      - @ConditionalOnClass found required class 'com.zaxxer.hikari.HikariDataSource' (OnClassCondition)
      - @ConditionalOnProperty (spring.datasource.type=com.zaxxer.hikari.HikariDataSource) matched (OnPropertyCondition)
      - @ConditionalOnMissingBean (types: javax.sql.DataSource; SearchStrategy: all) did not find any beans (OnBeanCondition)

   DataSourceInitializationConfiguration matched:
      - @ConditionalOnClass found required class 'org.springframework.jdbc.datasource.init.DatabasePopulator' (OnClassCondition)
      - @ConditionalOnSingleCandidate (types: javax.sql.DataSource; SearchStrategy: all) found a single bean 'dataSource'; @ConditionalOnMissingBean (types: org.springframework.boot.autoconfigure.sql.init.SqlDataSourceScriptDatabaseInitializer,org.springframework.boot.autoconfigure.sql.init.SqlR2dbcScriptDatabaseInitializer; SearchStrategy: all) did not find any beans (OnBeanCondition)

   DataSourceJmxConfiguration matched:
      - @ConditionalOnProperty (spring.jmx.enabled=true) matched (OnPropertyCondition)

   DataSourceJmxConfiguration.Hikari matched:
      - @ConditionalOnClass found required class 'com.zaxxer.hikari.HikariDataSource' (OnClassCondition)
      - @ConditionalOnSingleCandidate (types: javax.sql.DataSource; SearchStrategy: all) found a single bean 'dataSource' (OnBeanCondition)

   DataSourcePoolMetadataProvidersConfiguration.HikariPoolDataSourceMetadataProviderConfiguration matched:
      - @ConditionalOnClass found required class 'com.zaxxer.hikari.HikariDataSource' (OnClassCondition)

   DataSourceTransactionManagerAutoConfiguration matched:
      - @ConditionalOnClass found required classes 'org.springframework.jdbc.core.JdbcTemplate', 'org.springframework.transaction.TransactionManager' (OnClassCondition)

   DataSourceTransactionManagerAutoConfiguration.JdbcTransactionManagerConfiguration matched:
      - @ConditionalOnSingleCandidate (types: javax.sql.DataSource; SearchStrategy: all) found a single bean 'dataSource' (OnBeanCondition)

   DataSourceTransactionManagerAutoConfiguration.JdbcTransactionManagerConfiguration#transactionManager matched:
      - @ConditionalOnMissingBean (types: org.springframework.transaction.TransactionManager; SearchStrategy: all) did not find any beans (OnBeanCondition)

   DispatcherServletAutoConfiguration matched:
      - @ConditionalOnClass found required class 'org.springframework.web.servlet.DispatcherServlet' (OnClassCondition)
      - found 'session' scope (OnWebApplicationCondition)

   DispatcherServletAutoConfiguration.DispatcherServletConfiguration matched:
      - @ConditionalOnClass found required class 'javax.servlet.ServletRegistration' (OnClassCondition)
      - Default DispatcherServlet did not find dispatcher servlet beans (DispatcherServletAutoConfiguration.DefaultDispatcherServletCondition)

   DispatcherServletAutoConfiguration.DispatcherServletRegistrationConfiguration matched:
      - @ConditionalOnClass found required class 'javax.servlet.ServletRegistration' (OnClassCondition)
      - DispatcherServlet Registration did not find servlet registration bean (DispatcherServletAutoConfiguration.DispatcherServletRegistrationCondition)

   DispatcherServletAutoConfiguration.DispatcherServletRegistrationConfiguration#dispatcherServletRegistration matched:
      - @ConditionalOnBean (names: dispatcherServlet types: org.springframework.web.servlet.DispatcherServlet; SearchStrategy: all) found bean 'dispatcherServlet' (OnBeanCondition)

   EmbeddedWebServerFactoryCustomizerAutoConfiguration matched:
      - @ConditionalOnWebApplication (required) found 'session' scope (OnWebApplicationCondition)
      - @ConditionalOnWarDeployment the application is not deployed as a WAR file. (OnWarDeploymentCondition)

   EmbeddedWebServerFactoryCustomizerAutoConfiguration.TomcatWebServerFactoryCustomizerConfiguration matched:
      - @ConditionalOnClass found required classes 'org.apache.catalina.startup.Tomcat', 'org.apache.coyote.UpgradeProtocol' (OnClassCondition)

   ErrorMvcAutoConfiguration matched:
      - @ConditionalOnClass found required classes 'javax.servlet.Servlet', 'org.springframework.web.servlet.DispatcherServlet' (OnClassCondition)
      - found 'session' scope (OnWebApplicationCondition)

   ErrorMvcAutoConfiguration#basicErrorController matched:
      - @ConditionalOnMissingBean (types: org.springframework.boot.web.servlet.error.ErrorController; SearchStrategy: current) did not find any beans (OnBeanCondition)

   ErrorMvcAutoConfiguration#errorAttributes matched:
      - @ConditionalOnMissingBean (types: org.springframework.boot.web.servlet.error.ErrorAttributes; SearchStrategy: current) did not find any beans (OnBeanCondition)

   ErrorMvcAutoConfiguration.DefaultErrorViewResolverConfiguration#conventionErrorViewResolver matched:
      - @ConditionalOnBean (types: org.springframework.web.servlet.DispatcherServlet; SearchStrategy: all) found bean 'dispatcherServlet'; @ConditionalOnMissingBean (types: org.springframework.boot.autoconfigure.web.servlet.error.ErrorViewResolver; SearchStrategy: all) did not find any beans (OnBeanCondition)

   ErrorMvcAutoConfiguration.WhitelabelErrorViewConfiguration matched:
      - @ConditionalOnProperty (server.error.whitelabel.enabled) matched (OnPropertyCondition)
      - ErrorTemplate Missing did not find error template view (ErrorMvcAutoConfiguration.ErrorTemplateMissingCondition)

   ErrorMvcAutoConfiguration.WhitelabelErrorViewConfiguration#beanNameViewResolver matched:
      - @ConditionalOnMissingBean (types: org.springframework.web.servlet.view.BeanNameViewResolver; SearchStrategy: all) did not find any beans (OnBeanCondition)

   ErrorMvcAutoConfiguration.WhitelabelErrorViewConfiguration#defaultErrorView matched:
      - @ConditionalOnMissingBean (names: error; SearchStrategy: all) did not find any beans (OnBeanCondition)

   GenericCacheConfiguration matched:
      - Cache org.springframework.boot.autoconfigure.cache.GenericCacheConfiguration automatic cache type (CacheCondition)

   HttpEncodingAutoConfiguration matched:
      - @ConditionalOnClass found required class 'org.springframework.web.filter.CharacterEncodingFilter' (OnClassCondition)
      - found 'session' scope (OnWebApplicationCondition)
      - @ConditionalOnProperty (server.servlet.encoding.enabled) matched (OnPropertyCondition)

   HttpEncodingAutoConfiguration#characterEncodingFilter matched:
      - @ConditionalOnMissingBean (types: org.springframework.web.filter.CharacterEncodingFilter; SearchStrategy: all) did not find any beans (OnBeanCondition)

   HttpMessageConvertersAutoConfiguration matched:
      - @ConditionalOnClass found required class 'org.springframework.http.converter.HttpMessageConverter' (OnClassCondition)
      - NoneNestedConditions 0 matched 1 did not; NestedCondition on HttpMessageConvertersAutoConfiguration.NotReactiveWebApplicationCondition.ReactiveWebApplication did not find reactive web application classes (HttpMessageConvertersAutoConfiguration.NotReactiveWebApplicationCondition)

   HttpMessageConvertersAutoConfiguration#messageConverters matched:
      - @ConditionalOnMissingBean (types: org.springframework.boot.autoconfigure.http.HttpMessageConverters; SearchStrategy: all) did not find any beans (OnBeanCondition)

   HttpMessageConvertersAutoConfiguration.StringHttpMessageConverterConfiguration matched:
      - @ConditionalOnClass found required class 'org.springframework.http.converter.StringHttpMessageConverter' (OnClassCondition)

   HttpMessageConvertersAutoConfiguration.StringHttpMessageConverterConfiguration#stringHttpMessageConverter matched:
      - @ConditionalOnMissingBean (types: org.springframework.http.converter.StringHttpMessageConverter; SearchStrategy: all) did not find any beans (OnBeanCondition)

   JacksonAutoConfiguration matched:
      - @ConditionalOnClass found required class 'com.fasterxml.jackson.databind.ObjectMapper' (OnClassCondition)

   JacksonAutoConfiguration.Jackson2ObjectMapperBuilderCustomizerConfiguration matched:
      - @ConditionalOnClass found required class 'org.springframework.http.converter.json.Jackson2ObjectMapperBuilder' (OnClassCondition)

   JacksonAutoConfiguration.JacksonObjectMapperBuilderConfiguration matched:
      - @ConditionalOnClass found required class 'org.springframework.http.converter.json.Jackson2ObjectMapperBuilder' (OnClassCondition)

   JacksonAutoConfiguration.JacksonObjectMapperBuilderConfiguration#jacksonObjectMapperBuilder matched:
      - @ConditionalOnMissingBean (types: org.springframework.http.converter.json.Jackson2ObjectMapperBuilder; SearchStrategy: all) did not find any beans (OnBeanCondition)

   JacksonAutoConfiguration.JacksonObjectMapperConfiguration matched:
      - @ConditionalOnClass found required class 'org.springframework.http.converter.json.Jackson2ObjectMapperBuilder' (OnClassCondition)

   JacksonAutoConfiguration.JacksonObjectMapperConfiguration#jacksonObjectMapper matched:
      - @ConditionalOnMissingBean (types: com.fasterxml.jackson.databind.ObjectMapper; SearchStrategy: all) did not find any beans (OnBeanCondition)

   JacksonAutoConfiguration.ParameterNamesModuleConfiguration matched:
      - @ConditionalOnClass found required class 'com.fasterxml.jackson.module.paramnames.ParameterNamesModule' (OnClassCondition)

   JacksonAutoConfiguration.ParameterNamesModuleConfiguration#parameterNamesModule matched:
      - @ConditionalOnMissingBean (types: com.fasterxml.jackson.module.paramnames.ParameterNamesModule; SearchStrategy: all) did not find any beans (OnBeanCondition)

   JacksonHttpMessageConvertersConfiguration.MappingJackson2HttpMessageConverterConfiguration matched:
      - @ConditionalOnClass found required class 'com.fasterxml.jackson.databind.ObjectMapper' (OnClassCondition)
      - @ConditionalOnProperty (spring.mvc.converters.preferred-json-mapper=jackson) matched (OnPropertyCondition)
      - @ConditionalOnBean (types: com.fasterxml.jackson.databind.ObjectMapper; SearchStrategy: all) found bean 'jacksonObjectMapper' (OnBeanCondition)

   JacksonHttpMessageConvertersConfiguration.MappingJackson2HttpMessageConverterConfiguration#mappingJackson2HttpMessageConverter matched:
      - @ConditionalOnMissingBean (types: org.springframework.http.converter.json.MappingJackson2HttpMessageConverter ignored: org.springframework.hateoas.server.mvc.TypeConstrainedMappingJackson2HttpMessageConverter,org.springframework.data.rest.webmvc.alps.AlpsJsonHttpMessageConverter; SearchStrategy: all) did not find any beans (OnBeanCondition)

   JdbcTemplateAutoConfiguration matched:
      - @ConditionalOnClass found required classes 'javax.sql.DataSource', 'org.springframework.jdbc.core.JdbcTemplate' (OnClassCondition)
      - @ConditionalOnSingleCandidate (types: javax.sql.DataSource; SearchStrategy: all) found a single bean 'dataSource' (OnBeanCondition)

   JdbcTemplateConfiguration matched:
      - @ConditionalOnMissingBean (types: org.springframework.jdbc.core.JdbcOperations; SearchStrategy: all) did not find any beans (OnBeanCondition)

   Knife4jAutoConfiguration matched:
      - @ConditionalOnProperty (knife4j.enable=true) matched (OnPropertyCondition)

   Knife4jAutoConfiguration#markdownResolver matched:
      - @ConditionalOnProperty (knife4j.enable=true) matched (OnPropertyCondition)
      - @ConditionalOnMissingBean (types: com.github.xiaoymin.knife4j.spring.extension.OpenApiExtensionResolver; SearchStrategy: all) did not find any beans (OnBeanCondition)

   LettuceConnectionConfiguration matched:
      - @ConditionalOnClass found required class 'io.lettuce.core.RedisClient' (OnClassCondition)
      - @ConditionalOnProperty (spring.redis.client-type=lettuce) matched (OnPropertyCondition)

   LettuceConnectionConfiguration#lettuceClientResources matched:
      - @ConditionalOnMissingBean (types: io.lettuce.core.resource.ClientResources; SearchStrategy: all) did not find any beans (OnBeanCondition)

   LettuceConnectionConfiguration#redisConnectionFactory matched:
      - @ConditionalOnMissingBean (types: org.springframework.data.redis.connection.RedisConnectionFactory; SearchStrategy: all) did not find any beans (OnBeanCondition)

   LifecycleAutoConfiguration#defaultLifecycleProcessor matched:
      - @ConditionalOnMissingBean (names: lifecycleProcessor; SearchStrategy: current) did not find any beans (OnBeanCondition)

   MultipartAutoConfiguration matched:
      - @ConditionalOnClass found required classes 'javax.servlet.Servlet', 'org.springframework.web.multipart.support.StandardServletMultipartResolver', 'javax.servlet.MultipartConfigElement' (OnClassCondition)
      - found 'session' scope (OnWebApplicationCondition)
      - @ConditionalOnProperty (spring.servlet.multipart.enabled) matched (OnPropertyCondition)

   MultipartAutoConfiguration#multipartConfigElement matched:
      - @ConditionalOnMissingBean (types: javax.servlet.MultipartConfigElement,org.springframework.web.multipart.commons.CommonsMultipartResolver; SearchStrategy: all) did not find any beans (OnBeanCondition)

   MultipartAutoConfiguration#multipartResolver matched:
      - @ConditionalOnMissingBean (types: org.springframework.web.multipart.MultipartResolver; SearchStrategy: all) did not find any beans (OnBeanCondition)

   MybatisPlusAutoConfiguration matched:
      - @ConditionalOnClass found required classes 'org.apache.ibatis.session.SqlSessionFactory', 'org.mybatis.spring.SqlSessionFactoryBean' (OnClassCondition)
      - @ConditionalOnSingleCandidate (types: javax.sql.DataSource; SearchStrategy: all) found a single bean 'dataSource' (OnBeanCondition)

   MybatisPlusAutoConfiguration#ddlApplicationRunner matched:
      - @ConditionalOnMissingBean (types: com.baomidou.mybatisplus.autoconfigure.DdlApplicationRunner; SearchStrategy: all) did not find any beans (OnBeanCondition)

   MybatisPlusAutoConfiguration#sqlSessionFactory matched:
      - @ConditionalOnMissingBean (types: org.apache.ibatis.session.SqlSessionFactory; SearchStrategy: all) did not find any beans (OnBeanCondition)

   MybatisPlusAutoConfiguration#sqlSessionTemplate matched:
      - @ConditionalOnMissingBean (types: org.mybatis.spring.SqlSessionTemplate; SearchStrategy: all) did not find any beans (OnBeanCondition)

   MybatisPlusAutoConfiguration.MapperScannerRegistrarNotFoundConfiguration matched:
      - @ConditionalOnMissingBean (types: org.mybatis.spring.mapper.MapperFactoryBean,org.mybatis.spring.mapper.MapperScannerConfigurer; SearchStrategy: all) did not find any beans (OnBeanCondition)

   MybatisPlusLanguageDriverAutoConfiguration matched:
      - @ConditionalOnClass found required class 'org.apache.ibatis.scripting.LanguageDriver' (OnClassCondition)

   NamedParameterJdbcTemplateConfiguration matched:
      - @ConditionalOnSingleCandidate (types: org.springframework.jdbc.core.JdbcTemplate; SearchStrategy: all) found a single bean 'jdbcTemplate'; @ConditionalOnMissingBean (types: org.springframework.jdbc.core.namedparam.NamedParameterJdbcOperations; SearchStrategy: all) did not find any beans (OnBeanCondition)

   NettyAutoConfiguration matched:
      - @ConditionalOnClass found required class 'io.netty.util.NettyRuntime' (OnClassCondition)

   NoOpCacheConfiguration matched:
      - Cache org.springframework.boot.autoconfigure.cache.NoOpCacheConfiguration automatic cache type (CacheCondition)

   OpenApiAutoConfiguration matched:
      - @ConditionalOnProperty (springfox.documentation.enabled=true) matched (OnPropertyCondition)

   OpenApiControllerWebMvc matched:
      - found 'session' scope (OnWebApplicationCondition)

   OpenApiWebMvcConfiguration matched:
      - found 'session' scope (OnWebApplicationCondition)

   PersistenceExceptionTranslationAutoConfiguration matched:
      - @ConditionalOnClass found required class 'org.springframework.dao.annotation.PersistenceExceptionTranslationPostProcessor' (OnClassCondition)

   PersistenceExceptionTranslationAutoConfiguration#persistenceExceptionTranslationPostProcessor matched:
      - @ConditionalOnProperty (spring.dao.exceptiontranslation.enabled) matched (OnPropertyCondition)
      - @ConditionalOnMissingBean (types: org.springframework.dao.annotation.PersistenceExceptionTranslationPostProcessor; SearchStrategy: all) did not find any beans (OnBeanCondition)

   PropertyPlaceholderAutoConfiguration#propertySourcesPlaceholderConfigurer matched:
      - @ConditionalOnMissingBean (types: org.springframework.context.support.PropertySourcesPlaceholderConfigurer; SearchStrategy: current) did not find any beans (OnBeanCondition)

   RedisAutoConfiguration matched:
      - @ConditionalOnClass found required class 'org.springframework.data.redis.core.RedisOperations' (OnClassCondition)

   RedisAutoConfiguration#redisTemplate matched:
      - @ConditionalOnSingleCandidate (types: org.springframework.data.redis.connection.RedisConnectionFactory; SearchStrategy: all) found a single bean 'redisConnectionFactory'; @ConditionalOnMissingBean (names: redisTemplate; SearchStrategy: all) did not find any beans (OnBeanCondition)

   RedisAutoConfiguration#stringRedisTemplate matched:
      - @ConditionalOnSingleCandidate (types: org.springframework.data.redis.connection.RedisConnectionFactory; SearchStrategy: all) found a single bean 'redisConnectionFactory'; @ConditionalOnMissingBean (types: org.springframework.data.redis.core.StringRedisTemplate; SearchStrategy: all) did not find any beans (OnBeanCondition)

   RedisCacheConfiguration matched:
      - @ConditionalOnClass found required class 'org.springframework.data.redis.connection.RedisConnectionFactory' (OnClassCondition)
      - Cache org.springframework.boot.autoconfigure.cache.RedisCacheConfiguration automatic cache type (CacheCondition)

   RedisReactiveAutoConfiguration matched:
      - @ConditionalOnClass found required classes 'org.springframework.data.redis.connection.ReactiveRedisConnectionFactory', 'org.springframework.data.redis.core.ReactiveRedisTemplate', 'reactor.core.publisher.Flux' (OnClassCondition)

   RedisReactiveAutoConfiguration#reactiveRedisTemplate matched:
      - @ConditionalOnBean (types: org.springframework.data.redis.connection.ReactiveRedisConnectionFactory; SearchStrategy: all) found bean 'redisConnectionFactory'; @ConditionalOnMissingBean (names: reactiveRedisTemplate; SearchStrategy: all) did not find any beans (OnBeanCondition)

   RedisReactiveAutoConfiguration#reactiveStringRedisTemplate matched:
      - @ConditionalOnBean (types: org.springframework.data.redis.connection.ReactiveRedisConnectionFactory; SearchStrategy: all) found bean 'redisConnectionFactory'; @ConditionalOnMissingBean (names: reactiveStringRedisTemplate; SearchStrategy: all) did not find any beans (OnBeanCondition)

   RedisRepositoriesAutoConfiguration matched:
      - @ConditionalOnClass found required class 'org.springframework.data.redis.repository.configuration.EnableRedisRepositories' (OnClassCondition)
      - @ConditionalOnProperty (spring.data.redis.repositories.enabled=true) matched (OnPropertyCondition)
      - @ConditionalOnBean (types: org.springframework.data.redis.connection.RedisConnectionFactory; SearchStrategy: all) found bean 'redisConnectionFactory'; @ConditionalOnMissingBean (types: org.springframework.data.redis.repository.support.RedisRepositoryFactoryBean; SearchStrategy: all) did not find any beans (OnBeanCondition)

   RestTemplateAutoConfiguration matched:
      - @ConditionalOnClass found required class 'org.springframework.web.client.RestTemplate' (OnClassCondition)
      - NoneNestedConditions 0 matched 1 did not; NestedCondition on RestTemplateAutoConfiguration.NotReactiveWebApplicationCondition.ReactiveWebApplication did not find reactive web application classes (RestTemplateAutoConfiguration.NotReactiveWebApplicationCondition)

   RestTemplateAutoConfiguration#restTemplateBuilder matched:
      - @ConditionalOnMissingBean (types: org.springframework.boot.web.client.RestTemplateBuilder; SearchStrategy: all) did not find any beans (OnBeanCondition)

   RestTemplateAutoConfiguration#restTemplateBuilderConfigurer matched:
      - @ConditionalOnMissingBean (types: org.springframework.boot.autoconfigure.web.client.RestTemplateBuilderConfigurer; SearchStrategy: all) did not find any beans (OnBeanCondition)

   SecurityAutoConfiguration matched:
      - @ConditionalOnClass found required class 'org.springframework.security.authentication.DefaultAuthenticationEventPublisher' (OnClassCondition)

   SecurityAutoConfiguration#authenticationEventPublisher matched:
      - @ConditionalOnMissingBean (types: org.springframework.security.authentication.AuthenticationEventPublisher; SearchStrategy: all) did not find any beans (OnBeanCondition)

   SecurityFilterAutoConfiguration matched:
      - @ConditionalOnClass found required classes 'org.springframework.security.web.context.AbstractSecurityWebApplicationInitializer', 'org.springframework.security.config.http.SessionCreationPolicy' (OnClassCondition)
      - found 'session' scope (OnWebApplicationCondition)

   SecurityFilterAutoConfiguration#securityFilterChainRegistration matched:
      - @ConditionalOnBean (names: springSecurityFilterChain; SearchStrategy: all) found bean 'springSecurityFilterChain' (OnBeanCondition)

   ServletWebServerFactoryAutoConfiguration matched:
      - @ConditionalOnClass found required class 'javax.servlet.ServletRequest' (OnClassCondition)
      - found 'session' scope (OnWebApplicationCondition)

   ServletWebServerFactoryAutoConfiguration#tomcatServletWebServerFactoryCustomizer matched:
      - @ConditionalOnClass found required class 'org.apache.catalina.startup.Tomcat' (OnClassCondition)

   ServletWebServerFactoryConfiguration.EmbeddedTomcat matched:
      - @ConditionalOnClass found required classes 'javax.servlet.Servlet', 'org.apache.catalina.startup.Tomcat', 'org.apache.coyote.UpgradeProtocol' (OnClassCondition)
      - @ConditionalOnMissingBean (types: org.springframework.boot.web.servlet.server.ServletWebServerFactory; SearchStrategy: current) did not find any beans (OnBeanCondition)

   SimpleCacheConfiguration matched:
      - Cache org.springframework.boot.autoconfigure.cache.SimpleCacheConfiguration automatic cache type (CacheCondition)

   SpringBootWebSecurityConfiguration matched:
      - found 'session' scope (OnWebApplicationCondition)

   SpringBootWebSecurityConfiguration.ErrorPageSecurityFilterConfiguration matched:
      - @ConditionalOnClass found required class 'org.springframework.security.web.access.WebInvocationPrivilegeEvaluator' (OnClassCondition)
      - @ConditionalOnBean (types: org.springframework.security.web.access.WebInvocationPrivilegeEvaluator; SearchStrategy: all) found bean 'privilegeEvaluator' (OnBeanCondition)

   SpringDataWebAutoConfiguration matched:
      - @ConditionalOnClass found required classes 'org.springframework.data.web.PageableHandlerMethodArgumentResolver', 'org.springframework.web.servlet.config.annotation.WebMvcConfigurer' (OnClassCondition)
      - found 'session' scope (OnWebApplicationCondition)
      - @ConditionalOnMissingBean (types: org.springframework.data.web.PageableHandlerMethodArgumentResolver; SearchStrategy: all) did not find any beans (OnBeanCondition)

   SpringDataWebAutoConfiguration#pageableCustomizer matched:
      - @ConditionalOnMissingBean (types: org.springframework.data.web.config.PageableHandlerMethodArgumentResolverCustomizer; SearchStrategy: all) did not find any beans (OnBeanCondition)

   SpringDataWebAutoConfiguration#sortCustomizer matched:
      - @ConditionalOnMissingBean (types: org.springframework.data.web.config.SortHandlerMethodArgumentResolverCustomizer; SearchStrategy: all) did not find any beans (OnBeanCondition)

   SpringfoxWebMvcConfiguration matched:
      - found 'session' scope (OnWebApplicationCondition)

   SqlInitializationAutoConfiguration matched:
      - @ConditionalOnProperty (spring.sql.init.enabled) matched (OnPropertyCondition)
      - NoneNestedConditions 0 matched 1 did not; NestedCondition on SqlInitializationAutoConfiguration.SqlInitializationModeCondition.ModeIsNever @ConditionalOnProperty (spring.sql.init.mode=never) found different value in property 'mode' (SqlInitializationAutoConfiguration.SqlInitializationModeCondition)

   Swagger2ControllerWebMvc matched:
      - found 'session' scope (OnWebApplicationCondition)

   Swagger2WebMvcConfiguration matched:
      - found 'session' scope (OnWebApplicationCondition)

   SwaggerUiWebMvcConfiguration matched:
      - found 'session' scope (OnWebApplicationCondition)
      - @ConditionalOnProperty (springfox.documentation.swagger-ui.enabled=true) matched (OnPropertyCondition)

   TaskExecutionAutoConfiguration matched:
      - @ConditionalOnClass found required class 'org.springframework.scheduling.concurrent.ThreadPoolTaskExecutor' (OnClassCondition)

   TaskExecutionAutoConfiguration#applicationTaskExecutor matched:
      - @ConditionalOnMissingBean (types: java.util.concurrent.Executor; SearchStrategy: all) did not find any beans (OnBeanCondition)

   TaskExecutionAutoConfiguration#taskExecutorBuilder matched:
      - @ConditionalOnMissingBean (types: org.springframework.boot.task.TaskExecutorBuilder; SearchStrategy: all) did not find any beans (OnBeanCondition)

   TaskSchedulingAutoConfiguration matched:
      - @ConditionalOnClass found required class 'org.springframework.scheduling.concurrent.ThreadPoolTaskScheduler' (OnClassCondition)

   TaskSchedulingAutoConfiguration#taskSchedulerBuilder matched:
      - @ConditionalOnMissingBean (types: org.springframework.boot.task.TaskSchedulerBuilder; SearchStrategy: all) did not find any beans (OnBeanCondition)

   TransactionAutoConfiguration matched:
      - @ConditionalOnClass found required class 'org.springframework.transaction.PlatformTransactionManager' (OnClassCondition)

   TransactionAutoConfiguration#platformTransactionManagerCustomizers matched:
      - @ConditionalOnMissingBean (types: org.springframework.boot.autoconfigure.transaction.TransactionManagerCustomizers; SearchStrategy: all) did not find any beans (OnBeanCondition)

   TransactionAutoConfiguration.EnableTransactionManagementConfiguration matched:
      - @ConditionalOnBean (types: org.springframework.transaction.TransactionManager; SearchStrategy: all) found bean 'transactionManager'; @ConditionalOnMissingBean (types: org.springframework.transaction.annotation.AbstractTransactionManagementConfiguration; SearchStrategy: all) did not find any beans (OnBeanCondition)

   TransactionAutoConfiguration.EnableTransactionManagementConfiguration.CglibAutoProxyConfiguration matched:
      - @ConditionalOnProperty (spring.aop.proxy-target-class=true) matched (OnPropertyCondition)

   TransactionAutoConfiguration.TransactionTemplateConfiguration matched:
      - @ConditionalOnSingleCandidate (types: org.springframework.transaction.PlatformTransactionManager; SearchStrategy: all) found a single bean 'transactionManager' (OnBeanCondition)

   TransactionAutoConfiguration.TransactionTemplateConfiguration#transactionTemplate matched:
      - @ConditionalOnMissingBean (types: org.springframework.transaction.support.TransactionOperations; SearchStrategy: all) did not find any beans (OnBeanCondition)

   UserDetailsServiceAutoConfiguration matched:
      - @ConditionalOnClass found required class 'org.springframework.security.authentication.AuthenticationManager' (OnClassCondition)
      - @ConditionalOnBean (types: org.springframework.security.config.annotation.ObjectPostProcessor; SearchStrategy: all) found bean 'objectPostProcessor'; @ConditionalOnMissingBean (types: org.springframework.security.authentication.AuthenticationManager,org.springframework.security.authentication.AuthenticationProvider,org.springframework.security.core.userdetails.UserDetailsService,org.springframework.security.authentication.AuthenticationManagerResolver,org.springframework.security.oauth2.jwt.JwtDecoder,org.springframework.security.oauth2.server.resource.introspection.OpaqueTokenIntrospector,org.springframework.security.oauth2.client.registration.ClientRegistrationRepository,org.springframework.security.saml2.provider.service.registration.RelyingPartyRegistrationRepository; SearchStrategy: all) did not find any beans (OnBeanCondition)

   ValidationAutoConfiguration matched:
      - @ConditionalOnClass found required class 'javax.validation.executable.ExecutableValidator' (OnClassCondition)
      - @ConditionalOnResource found location classpath:META-INF/services/javax.validation.spi.ValidationProvider (OnResourceCondition)

   ValidationAutoConfiguration#defaultValidator matched:
      - @ConditionalOnMissingBean (types: javax.validation.Validator; SearchStrategy: all) did not find any beans (OnBeanCondition)

   ValidationAutoConfiguration#methodValidationPostProcessor matched:
      - @ConditionalOnMissingBean (types: org.springframework.validation.beanvalidation.MethodValidationPostProcessor; SearchStrategy: current) did not find any beans (OnBeanCondition)

   WebMvcAutoConfiguration matched:
      - @ConditionalOnClass found required classes 'javax.servlet.Servlet', 'org.springframework.web.servlet.DispatcherServlet', 'org.springframework.web.servlet.config.annotation.WebMvcConfigurer' (OnClassCondition)
      - found 'session' scope (OnWebApplicationCondition)
      - @ConditionalOnMissingBean (types: org.springframework.web.servlet.config.annotation.WebMvcConfigurationSupport; SearchStrategy: all) did not find any beans (OnBeanCondition)

   WebMvcAutoConfiguration#formContentFilter matched:
      - @ConditionalOnProperty (spring.mvc.formcontent.filter.enabled) matched (OnPropertyCondition)
      - @ConditionalOnMissingBean (types: org.springframework.web.filter.FormContentFilter; SearchStrategy: all) did not find any beans (OnBeanCondition)

   WebMvcAutoConfiguration.EnableWebMvcConfiguration#flashMapManager matched:
      - @ConditionalOnMissingBean (names: flashMapManager; SearchStrategy: all) did not find any beans (OnBeanCondition)

   WebMvcAutoConfiguration.EnableWebMvcConfiguration#localeResolver matched:
      - @ConditionalOnMissingBean (names: localeResolver; SearchStrategy: all) did not find any beans (OnBeanCondition)

   WebMvcAutoConfiguration.EnableWebMvcConfiguration#themeResolver matched:
      - @ConditionalOnMissingBean (names: themeResolver; SearchStrategy: all) did not find any beans (OnBeanCondition)

   WebMvcAutoConfiguration.WebMvcAutoConfigurationAdapter#defaultViewResolver matched:
      - @ConditionalOnMissingBean (types: org.springframework.web.servlet.view.InternalResourceViewResolver; SearchStrategy: all) did not find any beans (OnBeanCondition)

   WebMvcAutoConfiguration.WebMvcAutoConfigurationAdapter#requestContextFilter matched:
      - @ConditionalOnMissingBean (types: org.springframework.web.context.request.RequestContextListener,org.springframework.web.filter.RequestContextFilter; SearchStrategy: all) did not find any beans (OnBeanCondition)

   WebMvcAutoConfiguration.WebMvcAutoConfigurationAdapter#viewResolver matched:
      - @ConditionalOnBean (types: org.springframework.web.servlet.ViewResolver; SearchStrategy: all) found beans 'defaultViewResolver', 'beanNameViewResolver', 'mvcViewResolver'; @ConditionalOnMissingBean (names: viewResolver types: org.springframework.web.servlet.view.ContentNegotiatingViewResolver; SearchStrategy: all) did not find any beans (OnBeanCondition)

   WebMvcRequestHandlerProvider matched:
      - found 'session' scope (OnWebApplicationCondition)

   WebSocketServletAutoConfiguration matched:
      - @ConditionalOnClass found required classes 'javax.servlet.Servlet', 'javax.websocket.server.ServerContainer' (OnClassCondition)
      - found 'session' scope (OnWebApplicationCondition)

   WebSocketServletAutoConfiguration.TomcatWebSocketConfiguration matched:
      - @ConditionalOnClass found required classes 'org.apache.catalina.startup.Tomcat', 'org.apache.tomcat.websocket.server.WsSci' (OnClassCondition)

   WebSocketServletAutoConfiguration.TomcatWebSocketConfiguration#websocketServletWebServerCustomizer matched:
      - @ConditionalOnMissingBean (names: websocketServletWebServerCustomizer; SearchStrategy: all) did not find any beans (OnBeanCondition)


Negative matches:
-----------------

   ActiveMQAutoConfiguration:
      Did not match:
         - @ConditionalOnClass did not find required class 'javax.jms.ConnectionFactory' (OnClassCondition)

   AopAutoConfiguration.AspectJAutoProxyingConfiguration.JdkDynamicAutoProxyConfiguration:
      Did not match:
         - @ConditionalOnProperty (spring.aop.proxy-target-class=false) did not find property 'proxy-target-class' (OnPropertyCondition)

   AopAutoConfiguration.ClassProxyingConfiguration:
      Did not match:
         - @ConditionalOnMissingClass found unwanted class 'org.aspectj.weaver.Advice' (OnClassCondition)

   ArtemisAutoConfiguration:
      Did not match:
         - @ConditionalOnClass did not find required class 'javax.jms.ConnectionFactory' (OnClassCondition)

   BatchAutoConfiguration:
      Did not match:
         - @ConditionalOnClass did not find required class 'org.springframework.batch.core.launch.JobLauncher' (OnClassCondition)

   Cache2kCacheConfiguration:
      Did not match:
         - @ConditionalOnClass did not find required class 'org.cache2k.Cache2kBuilder' (OnClassCondition)

   CacheAutoConfiguration:
      Did not match:
         - @ConditionalOnBean (types: org.springframework.cache.interceptor.CacheAspectSupport; SearchStrategy: all) did not find any beans of type org.springframework.cache.interceptor.CacheAspectSupport (OnBeanCondition)
      Matched:
         - @ConditionalOnClass found required class 'org.springframework.cache.CacheManager' (OnClassCondition)

   CacheAutoConfiguration.CacheManagerEntityManagerFactoryDependsOnPostProcessor:
      Did not match:
         - @ConditionalOnClass did not find required class 'org.springframework.orm.jpa.LocalContainerEntityManagerFactoryBean' (OnClassCondition)
         - Ancestor org.springframework.boot.autoconfigure.cache.CacheAutoConfiguration did not match (ConditionEvaluationReport.AncestorsMatchedCondition)

   CaffeineCacheConfiguration:
      Did not match:
         - @ConditionalOnClass did not find required class 'com.github.benmanes.caffeine.cache.Caffeine' (OnClassCondition)

   CassandraAutoConfiguration:
      Did not match:
         - @ConditionalOnClass did not find required class 'com.datastax.oss.driver.api.core.CqlSession' (OnClassCondition)

   CassandraDataAutoConfiguration:
      Did not match:
         - @ConditionalOnClass did not find required class 'com.datastax.oss.driver.api.core.CqlSession' (OnClassCondition)

   CassandraReactiveDataAutoConfiguration:
      Did not match:
         - @ConditionalOnClass did not find required class 'com.datastax.oss.driver.api.core.CqlSession' (OnClassCondition)

   CassandraReactiveRepositoriesAutoConfiguration:
      Did not match:
         - @ConditionalOnClass did not find required class 'org.springframework.data.cassandra.ReactiveSession' (OnClassCondition)

   CassandraRepositoriesAutoConfiguration:
      Did not match:
         - @ConditionalOnClass did not find required class 'com.datastax.oss.driver.api.core.CqlSession' (OnClassCondition)

   ClientHttpConnectorAutoConfiguration:
      Did not match:
         - @ConditionalOnClass did not find required class 'org.springframework.web.reactive.function.client.WebClient' (OnClassCondition)

   CodecsAutoConfiguration:
      Did not match:
         - @ConditionalOnClass did not find required class 'org.springframework.web.reactive.function.client.WebClient' (OnClassCondition)

   CouchbaseAutoConfiguration:
      Did not match:
         - @ConditionalOnClass did not find required class 'com.couchbase.client.java.Cluster' (OnClassCondition)

   CouchbaseCacheConfiguration:
      Did not match:
         - @ConditionalOnClass did not find required class 'com.couchbase.client.java.Cluster' (OnClassCondition)

   CouchbaseDataAutoConfiguration:
      Did not match:
         - @ConditionalOnClass did not find required class 'com.couchbase.client.java.Bucket' (OnClassCondition)

   CouchbaseReactiveDataAutoConfiguration:
      Did not match:
         - @ConditionalOnClass did not find required class 'com.couchbase.client.java.Cluster' (OnClassCondition)

   CouchbaseReactiveRepositoriesAutoConfiguration:
      Did not match:
         - @ConditionalOnClass did not find required class 'com.couchbase.client.java.Cluster' (OnClassCondition)

   CouchbaseRepositoriesAutoConfiguration:
      Did not match:
         - @ConditionalOnClass did not find required class 'com.couchbase.client.java.Bucket' (OnClassCondition)

   DataSourceAutoConfiguration.EmbeddedDatabaseConfiguration:
      Did not match:
         - EmbeddedDataSource spring.datasource.url is set (DataSourceAutoConfiguration.EmbeddedDatabaseCondition)

   DataSourceConfiguration.Dbcp2:
      Did not match:
         - @ConditionalOnClass did not find required class 'org.apache.commons.dbcp2.BasicDataSource' (OnClassCondition)

   DataSourceConfiguration.Generic:
      Did not match:
         - @ConditionalOnProperty (spring.datasource.type) did not find property 'spring.datasource.type' (OnPropertyCondition)

   DataSourceConfiguration.OracleUcp:
      Did not match:
         - @ConditionalOnClass did not find required classes 'oracle.ucp.jdbc.PoolDataSourceImpl', 'oracle.jdbc.OracleConnection' (OnClassCondition)

   DataSourceConfiguration.Tomcat:
      Did not match:
         - @ConditionalOnClass did not find required class 'org.apache.tomcat.jdbc.pool.DataSource' (OnClassCondition)

   DataSourceJmxConfiguration.TomcatDataSourceJmxConfiguration:
      Did not match:
         - @ConditionalOnClass did not find required class 'org.apache.tomcat.jdbc.pool.DataSourceProxy' (OnClassCondition)

   DataSourcePoolMetadataProvidersConfiguration.CommonsDbcp2PoolDataSourceMetadataProviderConfiguration:
      Did not match:
         - @ConditionalOnClass did not find required class 'org.apache.commons.dbcp2.BasicDataSource' (OnClassCondition)

   DataSourcePoolMetadataProvidersConfiguration.OracleUcpPoolDataSourceMetadataProviderConfiguration:
      Did not match:
         - @ConditionalOnClass did not find required classes 'oracle.ucp.jdbc.PoolDataSource', 'oracle.jdbc.OracleConnection' (OnClassCondition)

   DataSourcePoolMetadataProvidersConfiguration.TomcatDataSourcePoolMetadataProviderConfiguration:
      Did not match:
         - @ConditionalOnClass did not find required class 'org.apache.tomcat.jdbc.pool.DataSource' (OnClassCondition)

   DispatcherServletAutoConfiguration.DispatcherServletConfiguration#multipartResolver:
      Did not match:
         - @ConditionalOnBean (types: org.springframework.web.multipart.MultipartResolver; SearchStrategy: all) did not find any beans of type org.springframework.web.multipart.MultipartResolver (OnBeanCondition)

   EhCacheCacheConfiguration:
      Did not match:
         - @ConditionalOnClass did not find required class 'net.sf.ehcache.Cache' (OnClassCondition)

   ElasticsearchDataAutoConfiguration:
      Did not match:
         - @ConditionalOnClass did not find required class 'org.springframework.data.elasticsearch.core.ElasticsearchRestTemplate' (OnClassCondition)

   ElasticsearchRepositoriesAutoConfiguration:
      Did not match:
         - @ConditionalOnClass did not find required class 'org.elasticsearch.client.Client' (OnClassCondition)

   ElasticsearchRestClientAutoConfiguration:
      Did not match:
         - @ConditionalOnClass did not find required class 'org.elasticsearch.client.RestClientBuilder' (OnClassCondition)

   EmbeddedLdapAutoConfiguration:
      Did not match:
         - @ConditionalOnClass did not find required class 'com.unboundid.ldap.listener.InMemoryDirectoryServer' (OnClassCondition)

   EmbeddedMongoAutoConfiguration:
      Did not match:
         - @ConditionalOnClass did not find required class 'com.mongodb.MongoClientSettings' (OnClassCondition)

   EmbeddedWebServerFactoryCustomizerAutoConfiguration.JettyWebServerFactoryCustomizerConfiguration:
      Did not match:
         - @ConditionalOnClass did not find required classes 'org.eclipse.jetty.server.Server', 'org.eclipse.jetty.util.Loader', 'org.eclipse.jetty.webapp.WebAppContext' (OnClassCondition)

   EmbeddedWebServerFactoryCustomizerAutoConfiguration.NettyWebServerFactoryCustomizerConfiguration:
      Did not match:
         - @ConditionalOnClass did not find required class 'reactor.netty.http.server.HttpServer' (OnClassCondition)

   EmbeddedWebServerFactoryCustomizerAutoConfiguration.UndertowWebServerFactoryCustomizerConfiguration:
      Did not match:
         - @ConditionalOnClass did not find required classes 'io.undertow.Undertow', 'org.xnio.SslClientAuthMode' (OnClassCondition)

   ErrorWebFluxAutoConfiguration:
      Did not match:
         - @ConditionalOnClass did not find required class 'org.springframework.web.reactive.config.WebFluxConfigurer' (OnClassCondition)

   FlywayAutoConfiguration:
      Did not match:
         - @ConditionalOnClass did not find required class 'org.flywaydb.core.Flyway' (OnClassCondition)

   FreeMarkerAutoConfiguration:
      Did not match:
         - @ConditionalOnClass did not find required class 'freemarker.template.Configuration' (OnClassCondition)

   GraphQlAutoConfiguration:
      Did not match:
         - @ConditionalOnClass did not find required class 'graphql.GraphQL' (OnClassCondition)

   GraphQlQueryByExampleAutoConfiguration:
      Did not match:
         - @ConditionalOnClass did not find required class 'graphql.GraphQL' (OnClassCondition)

   GraphQlQuerydslAutoConfiguration:
      Did not match:
         - @ConditionalOnClass did not find required class 'graphql.GraphQL' (OnClassCondition)

   GraphQlRSocketAutoConfiguration:
      Did not match:
         - @ConditionalOnClass did not find required class 'graphql.GraphQL' (OnClassCondition)

   GraphQlReactiveQueryByExampleAutoConfiguration:
      Did not match:
         - @ConditionalOnClass did not find required class 'graphql.GraphQL' (OnClassCondition)

   GraphQlReactiveQuerydslAutoConfiguration:
      Did not match:
         - @ConditionalOnClass did not find required class 'graphql.GraphQL' (OnClassCondition)

   GraphQlWebFluxAutoConfiguration:
      Did not match:
         - @ConditionalOnClass did not find required class 'graphql.GraphQL' (OnClassCondition)

   GraphQlWebFluxSecurityAutoConfiguration:
      Did not match:
         - @ConditionalOnClass did not find required class 'graphql.GraphQL' (OnClassCondition)

   GraphQlWebMvcAutoConfiguration:
      Did not match:
         - @ConditionalOnClass did not find required class 'graphql.GraphQL' (OnClassCondition)

   GraphQlWebMvcSecurityAutoConfiguration:
      Did not match:
         - @ConditionalOnClass did not find required class 'graphql.GraphQL' (OnClassCondition)

   GroovyTemplateAutoConfiguration:
      Did not match:
         - @ConditionalOnClass did not find required class 'groovy.text.markup.MarkupTemplateEngine' (OnClassCondition)

   GsonAutoConfiguration:
      Did not match:
         - @ConditionalOnClass did not find required class 'com.google.gson.Gson' (OnClassCondition)

   GsonHttpMessageConvertersConfiguration:
      Did not match:
         - @ConditionalOnClass did not find required class 'com.google.gson.Gson' (OnClassCondition)

   H2ConsoleAutoConfiguration:
      Did not match:
         - @ConditionalOnClass did not find required class 'org.h2.server.web.WebServlet' (OnClassCondition)

   HazelcastAutoConfiguration:
      Did not match:
         - @ConditionalOnClass did not find required class 'com.hazelcast.core.HazelcastInstance' (OnClassCondition)

   HazelcastCacheConfiguration:
      Did not match:
         - @ConditionalOnClass did not find required class 'com.hazelcast.core.HazelcastInstance' (OnClassCondition)

   HazelcastJpaDependencyAutoConfiguration:
      Did not match:
         - @ConditionalOnClass did not find required class 'com.hazelcast.core.HazelcastInstance' (OnClassCondition)

   HibernateJpaAutoConfiguration:
      Did not match:
         - @ConditionalOnClass did not find required class 'javax.persistence.EntityManager' (OnClassCondition)

   HttpHandlerAutoConfiguration:
      Did not match:
         - @ConditionalOnClass did not find required class 'org.springframework.web.reactive.DispatcherHandler' (OnClassCondition)

   HypermediaAutoConfiguration:
      Did not match:
         - @ConditionalOnClass did not find required class 'org.springframework.hateoas.EntityModel' (OnClassCondition)

   IdentifierGeneratorAutoConfiguration:
      Did not match:
         - @ConditionalOnClass did not find required class 'org.springframework.cloud.commons.util.InetUtils' (OnClassCondition)

   InfinispanCacheConfiguration:
      Did not match:
         - @ConditionalOnClass did not find required class 'org.infinispan.spring.embedded.provider.SpringEmbeddedCacheManager' (OnClassCondition)

   InfluxDbAutoConfiguration:
      Did not match:
         - @ConditionalOnClass did not find required class 'org.influxdb.InfluxDB' (OnClassCondition)

   IntegrationAutoConfiguration:
      Did not match:
         - @ConditionalOnClass did not find required class 'org.springframework.integration.config.EnableIntegration' (OnClassCondition)

   JCacheCacheConfiguration:
      Did not match:
         - @ConditionalOnClass did not find required class 'javax.cache.Caching' (OnClassCondition)

   JacksonHttpMessageConvertersConfiguration.MappingJackson2XmlHttpMessageConverterConfiguration:
      Did not match:
         - @ConditionalOnClass did not find required class 'com.fasterxml.jackson.dataformat.xml.XmlMapper' (OnClassCondition)

   JdbcRepositoriesAutoConfiguration:
      Did not match:
         - @ConditionalOnClass did not find required class 'org.springframework.data.jdbc.repository.config.AbstractJdbcConfiguration' (OnClassCondition)

   JedisConnectionConfiguration:
      Did not match:
         - @ConditionalOnClass did not find required classes 'org.apache.commons.pool2.impl.GenericObjectPool', 'redis.clients.jedis.Jedis' (OnClassCondition)

   JerseyAutoConfiguration:
      Did not match:
         - @ConditionalOnClass did not find required class 'org.glassfish.jersey.server.spring.SpringComponentProvider' (OnClassCondition)

   JmsAutoConfiguration:
      Did not match:
         - @ConditionalOnClass did not find required class 'javax.jms.Message' (OnClassCondition)

   JmxAutoConfiguration:
      Did not match:
         - @ConditionalOnProperty (spring.jmx.enabled=true) did not find property 'enabled' (OnPropertyCondition)
      Matched:
         - @ConditionalOnClass found required class 'org.springframework.jmx.export.MBeanExporter' (OnClassCondition)

   JndiConnectionFactoryAutoConfiguration:
      Did not match:
         - @ConditionalOnClass did not find required class 'org.springframework.jms.core.JmsTemplate' (OnClassCondition)

   JndiDataSourceAutoConfiguration:
      Did not match:
         - @ConditionalOnProperty (spring.datasource.jndi-name) did not find property 'jndi-name' (OnPropertyCondition)
      Matched:
         - @ConditionalOnClass found required classes 'javax.sql.DataSource', 'org.springframework.jdbc.datasource.embedded.EmbeddedDatabaseType' (OnClassCondition)

   JooqAutoConfiguration:
      Did not match:
         - @ConditionalOnClass did not find required class 'org.jooq.DSLContext' (OnClassCondition)

   JpaRepositoriesAutoConfiguration:
      Did not match:
         - @ConditionalOnClass did not find required class 'org.springframework.data.jpa.repository.JpaRepository' (OnClassCondition)

   JsonbAutoConfiguration:
      Did not match:
         - @ConditionalOnClass did not find required class 'javax.json.bind.Jsonb' (OnClassCondition)

   JsonbHttpMessageConvertersConfiguration:
      Did not match:
         - @ConditionalOnClass did not find required class 'javax.json.bind.Jsonb' (OnClassCondition)

   JtaAutoConfiguration:
      Did not match:
         - @ConditionalOnClass did not find required class 'javax.transaction.Transaction' (OnClassCondition)

   KafkaAutoConfiguration:
      Did not match:
         - @ConditionalOnClass did not find required class 'org.springframework.kafka.core.KafkaTemplate' (OnClassCondition)

   Knife4jAutoConfiguration#corsFilter:
      Did not match:
         - @ConditionalOnProperty (knife4j.cors=true) did not find property 'knife4j.cors' (OnPropertyCondition)

   Knife4jAutoConfiguration#productionSecurityFilter:
      Did not match:
         - @ConditionalOnProperty (knife4j.production=true) did not find property 'knife4j.production' (OnPropertyCondition)

   Knife4jAutoConfiguration#securityBasicAuthFilter:
      Did not match:
         - @ConditionalOnProperty (knife4j.basic.enable=true) did not find property 'knife4j.basic.enable' (OnPropertyCondition)

   LdapAutoConfiguration:
      Did not match:
         - @ConditionalOnClass did not find required class 'org.springframework.ldap.core.ContextSource' (OnClassCondition)

   LdapRepositoriesAutoConfiguration:
      Did not match:
         - @ConditionalOnClass did not find required class 'org.springframework.data.ldap.repository.LdapRepository' (OnClassCondition)

   LiquibaseAutoConfiguration:
      Did not match:
         - @ConditionalOnClass did not find required class 'liquibase.change.DatabaseChange' (OnClassCondition)

   MailSenderAutoConfiguration:
      Did not match:
         - @ConditionalOnClass did not find required class 'javax.mail.internet.MimeMessage' (OnClassCondition)

   MailSenderValidatorAutoConfiguration:
      Did not match:
         - @ConditionalOnProperty (spring.mail.test-connection) did not find property 'test-connection' (OnPropertyCondition)

   MessageSourceAutoConfiguration:
      Did not match:
         - ResourceBundle did not find bundle with basename messages (MessageSourceAutoConfiguration.ResourceBundleCondition)

   MongoAutoConfiguration:
      Did not match:
         - @ConditionalOnClass did not find required class 'com.mongodb.client.MongoClient' (OnClassCondition)

   MongoDataAutoConfiguration:
      Did not match:
         - @ConditionalOnClass did not find required class 'com.mongodb.client.MongoClient' (OnClassCondition)

   MongoReactiveAutoConfiguration:
      Did not match:
         - @ConditionalOnClass did not find required class 'com.mongodb.reactivestreams.client.MongoClient' (OnClassCondition)

   MongoReactiveDataAutoConfiguration:
      Did not match:
         - @ConditionalOnClass did not find required class 'com.mongodb.reactivestreams.client.MongoClient' (OnClassCondition)

   MongoReactiveRepositoriesAutoConfiguration:
      Did not match:
         - @ConditionalOnClass did not find required class 'com.mongodb.reactivestreams.client.MongoClient' (OnClassCondition)

   MongoRepositoriesAutoConfiguration:
      Did not match:
         - @ConditionalOnClass did not find required class 'com.mongodb.client.MongoClient' (OnClassCondition)

   MustacheAutoConfiguration:
      Did not match:
         - @ConditionalOnClass did not find required class 'com.samskivert.mustache.Mustache' (OnClassCondition)

   MybatisPlusInnerInterceptorAutoConfiguration:
      Did not match:
         - @ConditionalOnBean (types: com.baomidou.mybatisplus.extension.plugins.inner.InnerInterceptor; SearchStrategy: all) did not find any beans of type com.baomidou.mybatisplus.extension.plugins.inner.InnerInterceptor (OnBeanCondition)

   MybatisPlusLanguageDriverAutoConfiguration.FreeMarkerConfiguration:
      Did not match:
         - @ConditionalOnClass did not find required classes 'org.mybatis.scripting.freemarker.FreeMarkerLanguageDriver', 'org.mybatis.scripting.freemarker.FreeMarkerLanguageDriverConfig' (OnClassCondition)

   MybatisPlusLanguageDriverAutoConfiguration.LegacyFreeMarkerConfiguration:
      Did not match:
         - @ConditionalOnClass did not find required class 'org.mybatis.scripting.freemarker.FreeMarkerLanguageDriver' (OnClassCondition)

   MybatisPlusLanguageDriverAutoConfiguration.LegacyVelocityConfiguration:
      Did not match:
         - @ConditionalOnClass did not find required class 'org.mybatis.scripting.velocity.Driver' (OnClassCondition)

   MybatisPlusLanguageDriverAutoConfiguration.ThymeleafConfiguration:
      Did not match:
         - @ConditionalOnClass did not find required class 'org.mybatis.scripting.thymeleaf.ThymeleafLanguageDriver' (OnClassCondition)

   MybatisPlusLanguageDriverAutoConfiguration.VelocityConfiguration:
      Did not match:
         - @ConditionalOnClass did not find required classes 'org.mybatis.scripting.velocity.VelocityLanguageDriver', 'org.mybatis.scripting.velocity.VelocityLanguageDriverConfig' (OnClassCondition)

   Neo4jAutoConfiguration:
      Did not match:
         - @ConditionalOnClass did not find required class 'org.neo4j.driver.Driver' (OnClassCondition)

   Neo4jDataAutoConfiguration:
      Did not match:
         - @ConditionalOnClass did not find required class 'org.neo4j.driver.Driver' (OnClassCondition)

   Neo4jReactiveDataAutoConfiguration:
      Did not match:
         - @ConditionalOnClass did not find required class 'org.neo4j.driver.Driver' (OnClassCondition)

   Neo4jReactiveRepositoriesAutoConfiguration:
      Did not match:
         - @ConditionalOnClass did not find required class 'org.neo4j.driver.Driver' (OnClassCondition)

   Neo4jRepositoriesAutoConfiguration:
      Did not match:
         - @ConditionalOnClass did not find required class 'org.neo4j.driver.Driver' (OnClassCondition)

   OAuth2ClientAutoConfiguration:
      Did not match:
         - @ConditionalOnClass did not find required class 'org.springframework.security.oauth2.client.registration.ClientRegistration' (OnClassCondition)

   OAuth2ResourceServerAutoConfiguration:
      Did not match:
         - @ConditionalOnClass did not find required class 'org.springframework.security.oauth2.server.resource.BearerTokenAuthenticationToken' (OnClassCondition)

   OpenApiControllerWebFlux:
      Did not match:
         - did not find reactive web application classes (OnWebApplicationCondition)

   OpenApiWebFluxConfiguration:
      Did not match:
         - did not find reactive web application classes (OnWebApplicationCondition)

   ProjectInfoAutoConfiguration#buildProperties:
      Did not match:
         - @ConditionalOnResource did not find resource '${spring.info.build.location:classpath:META-INF/build-info.properties}' (OnResourceCondition)

   ProjectInfoAutoConfiguration#gitProperties:
      Did not match:
         - GitResource did not find git info at classpath:git.properties (ProjectInfoAutoConfiguration.GitResourceAvailableCondition)

   QuartzAutoConfiguration:
      Did not match:
         - @ConditionalOnClass did not find required class 'org.quartz.Scheduler' (OnClassCondition)

   R2dbcAutoConfiguration:
      Did not match:
         - @ConditionalOnClass did not find required class 'io.r2dbc.spi.ConnectionFactory' (OnClassCondition)

   R2dbcDataAutoConfiguration:
      Did not match:
         - @ConditionalOnClass did not find required class 'org.springframework.data.r2dbc.core.R2dbcEntityTemplate' (OnClassCondition)

   R2dbcInitializationConfiguration:
      Did not match:
         - @ConditionalOnClass did not find required classes 'io.r2dbc.spi.ConnectionFactory', 'org.springframework.r2dbc.connection.init.DatabasePopulator' (OnClassCondition)

   R2dbcRepositoriesAutoConfiguration:
      Did not match:
         - @ConditionalOnClass did not find required class 'io.r2dbc.spi.ConnectionFactory' (OnClassCondition)

   R2dbcTransactionManagerAutoConfiguration:
      Did not match:
         - @ConditionalOnClass did not find required class 'org.springframework.r2dbc.connection.R2dbcTransactionManager' (OnClassCondition)

   RSocketGraphQlClientAutoConfiguration:
      Did not match:
         - @ConditionalOnClass did not find required class 'graphql.GraphQL' (OnClassCondition)

   RSocketMessagingAutoConfiguration:
      Did not match:
         - @ConditionalOnClass did not find required class 'io.rsocket.RSocket' (OnClassCondition)

   RSocketRequesterAutoConfiguration:
      Did not match:
         - @ConditionalOnClass did not find required class 'io.rsocket.RSocket' (OnClassCondition)

   RSocketSecurityAutoConfiguration:
      Did not match:
         - @ConditionalOnClass did not find required class 'org.springframework.security.rsocket.core.SecuritySocketAcceptorInterceptor' (OnClassCondition)

   RSocketServerAutoConfiguration:
      Did not match:
         - @ConditionalOnClass did not find required class 'io.rsocket.core.RSocketServer' (OnClassCondition)

   RSocketStrategiesAutoConfiguration:
      Did not match:
         - @ConditionalOnClass did not find required class 'io.rsocket.RSocket' (OnClassCondition)

   RabbitAutoConfiguration:
      Did not match:
         - @ConditionalOnClass did not find required class 'com.rabbitmq.client.Channel' (OnClassCondition)

   ReactiveElasticsearchRepositoriesAutoConfiguration:
      Did not match:
         - @ConditionalOnClass did not find required class 'org.springframework.data.elasticsearch.client.reactive.ReactiveElasticsearchClient' (OnClassCondition)

   ReactiveElasticsearchRestClientAutoConfiguration:
      Did not match:
         - @ConditionalOnClass did not find required class 'reactor.netty.http.client.HttpClient' (OnClassCondition)

   ReactiveMultipartAutoConfiguration:
      Did not match:
         - @ConditionalOnClass did not find required class 'org.springframework.web.reactive.config.WebFluxConfigurer' (OnClassCondition)

   ReactiveOAuth2ClientAutoConfiguration:
      Did not match:
         - @ConditionalOnClass did not find required class 'org.springframework.security.oauth2.client.registration.ClientRegistration' (OnClassCondition)

   ReactiveOAuth2ResourceServerAutoConfiguration:
      Did not match:
         - @ConditionalOnWebApplication did not find reactive web application classes (OnWebApplicationCondition)

   ReactiveSecurityAutoConfiguration:
      Did not match:
         - @ConditionalOnClass did not find required class 'org.springframework.web.reactive.config.WebFluxConfigurer' (OnClassCondition)

   ReactiveUserDetailsServiceAutoConfiguration:
      Did not match:
         - AnyNestedCondition 0 matched 2 did not; NestedCondition on ReactiveUserDetailsServiceAutoConfiguration.ReactiveUserDetailsServiceCondition.ReactiveWebApplicationCondition did not find reactive web application classes; NestedCondition on ReactiveUserDetailsServiceAutoConfiguration.ReactiveUserDetailsServiceCondition.RSocketSecurityEnabledCondition @ConditionalOnBean (types: org.springframework.messaging.rsocket.annotation.support.RSocketMessageHandler; SearchStrategy: all) did not find any beans of type org.springframework.messaging.rsocket.annotation.support.RSocketMessageHandler (ReactiveUserDetailsServiceAutoConfiguration.ReactiveUserDetailsServiceCondition)
      Matched:
         - @ConditionalOnClass found required class 'org.springframework.security.authentication.ReactiveAuthenticationManager' (OnClassCondition)

   ReactiveWebServerFactoryAutoConfiguration:
      Did not match:
         - @ConditionalOnWebApplication did not find reactive web application classes (OnWebApplicationCondition)

   RepositoryRestMvcAutoConfiguration:
      Did not match:
         - @ConditionalOnClass did not find required class 'org.springframework.data.rest.webmvc.config.RepositoryRestMvcConfiguration' (OnClassCondition)

   Saml2RelyingPartyAutoConfiguration:
      Did not match:
         - @ConditionalOnClass did not find required class 'org.springframework.security.saml2.provider.service.registration.RelyingPartyRegistrationRepository' (OnClassCondition)

   SecurityDataConfiguration:
      Did not match:
         - @ConditionalOnClass did not find required class 'org.springframework.security.data.repository.query.SecurityEvaluationContextExtension' (OnClassCondition)

   SendGridAutoConfiguration:
      Did not match:
         - @ConditionalOnClass did not find required class 'com.sendgrid.SendGrid' (OnClassCondition)

   ServletWebServerFactoryAutoConfiguration.ForwardedHeaderFilterConfiguration:
      Did not match:
         - @ConditionalOnProperty (server.forward-headers-strategy=framework) did not find property 'server.forward-headers-strategy' (OnPropertyCondition)

   ServletWebServerFactoryConfiguration.EmbeddedJetty:
      Did not match:
         - @ConditionalOnClass did not find required classes 'org.eclipse.jetty.server.Server', 'org.eclipse.jetty.util.Loader', 'org.eclipse.jetty.webapp.WebAppContext' (OnClassCondition)

   ServletWebServerFactoryConfiguration.EmbeddedUndertow:
      Did not match:
         - @ConditionalOnClass did not find required classes 'io.undertow.Undertow', 'org.xnio.SslClientAuthMode' (OnClassCondition)

   SessionAutoConfiguration:
      Did not match:
         - @ConditionalOnClass did not find required class 'org.springframework.session.Session' (OnClassCondition)

   SolrAutoConfiguration:
      Did not match:
         - @ConditionalOnClass did not find required class 'org.apache.solr.client.solrj.impl.CloudSolrClient' (OnClassCondition)

   SpringApplicationAdminJmxAutoConfiguration:
      Did not match:
         - @ConditionalOnProperty (spring.application.admin.enabled=true) did not find property 'enabled' (OnPropertyCondition)

   SpringBootWebSecurityConfiguration.SecurityFilterChainConfiguration:
      Did not match:
         - AllNestedConditions 1 matched 1 did not; NestedCondition on DefaultWebSecurityCondition.Beans @ConditionalOnMissingBean (types: org.springframework.security.config.annotation.web.configuration.WebSecurityConfigurerAdapter,org.springframework.security.web.SecurityFilterChain; SearchStrategy: all) found beans of type 'org.springframework.security.web.SecurityFilterChain' filterChain; NestedCondition on DefaultWebSecurityCondition.Classes @ConditionalOnClass found required classes 'org.springframework.security.web.SecurityFilterChain', 'org.springframework.security.config.annotation.web.builders.HttpSecurity' (DefaultWebSecurityCondition)

   SpringBootWebSecurityConfiguration.WebSecurityEnablerConfiguration:
      Did not match:
         - @ConditionalOnMissingBean (names: springSecurityFilterChain; SearchStrategy: all) found beans named springSecurityFilterChain (OnBeanCondition)
      Matched:
         - @ConditionalOnClass found required class 'org.springframework.security.config.annotation.web.configuration.EnableWebSecurity' (OnClassCondition)

   SpringDataRestConfiguration:
      Did not match:
         - @ConditionalOnClass did not find required class 'org.springframework.data.rest.core.config.RepositoryRestConfiguration' (OnClassCondition)

   SpringfoxWebFluxConfiguration:
      Did not match:
         - did not find reactive web application classes (OnWebApplicationCondition)

   Swagger2ControllerWebFlux:
      Did not match:
         - did not find reactive web application classes (OnWebApplicationCondition)

   Swagger2WebFluxConfiguration:
      Did not match:
         - did not find reactive web application classes (OnWebApplicationCondition)

   SwaggerUiWebFluxConfiguration:
      Did not match:
         - did not find reactive web application classes (OnWebApplicationCondition)

   TaskSchedulingAutoConfiguration#scheduledBeanLazyInitializationExcludeFilter:
      Did not match:
         - @ConditionalOnBean (names: org.springframework.context.annotation.internalScheduledAnnotationProcessor; SearchStrategy: all) did not find any beans named org.springframework.context.annotation.internalScheduledAnnotationProcessor (OnBeanCondition)

   TaskSchedulingAutoConfiguration#taskScheduler:
      Did not match:
         - @ConditionalOnBean (names: org.springframework.context.annotation.internalScheduledAnnotationProcessor; SearchStrategy: all) did not find any beans named org.springframework.context.annotation.internalScheduledAnnotationProcessor (OnBeanCondition)

   ThymeleafAutoConfiguration:
      Did not match:
         - @ConditionalOnClass did not find required class 'org.thymeleaf.spring5.SpringTemplateEngine' (OnClassCondition)

   TransactionAutoConfiguration#transactionalOperator:
      Did not match:
         - @ConditionalOnSingleCandidate (types: org.springframework.transaction.ReactiveTransactionManager; SearchStrategy: all) did not find any beans (OnBeanCondition)

   TransactionAutoConfiguration.AspectJTransactionManagementConfiguration:
      Did not match:
         - @ConditionalOnBean did not find required type 'org.springframework.transaction.aspectj.AbstractTransactionAspect' (OnBeanCondition)
         - @ConditionalOnBean (types: org.springframework.transaction.aspectj.AbstractTransactionAspect; SearchStrategy: all) did not find any beans of type org.springframework.transaction.aspectj.AbstractTransactionAspect (OnBeanCondition)

   TransactionAutoConfiguration.EnableTransactionManagementConfiguration.JdkDynamicAutoProxyConfiguration:
      Did not match:
         - @ConditionalOnProperty (spring.aop.proxy-target-class=false) did not find property 'proxy-target-class' (OnPropertyCondition)

   WebClientAutoConfiguration:
      Did not match:
         - @ConditionalOnClass did not find required class 'org.springframework.web.reactive.function.client.WebClient' (OnClassCondition)

   WebFluxAutoConfiguration:
      Did not match:
         - @ConditionalOnClass did not find required class 'org.springframework.web.reactive.config.WebFluxConfigurer' (OnClassCondition)

   WebFluxRequestHandlerProvider:
      Did not match:
         - did not find reactive web application classes (OnWebApplicationCondition)

   WebMvcAutoConfiguration#hiddenHttpMethodFilter:
      Did not match:
         - @ConditionalOnProperty (spring.mvc.hiddenmethod.filter.enabled) did not find property 'enabled' (OnPropertyCondition)

   WebMvcAutoConfiguration.ResourceChainCustomizerConfiguration:
      Did not match:
         - @ConditionalOnEnabledResourceChain did not find class org.webjars.WebJarAssetLocator (OnEnabledResourceChainCondition)

   WebMvcAutoConfiguration.WebMvcAutoConfigurationAdapter#beanNameViewResolver:
      Did not match:
         - @ConditionalOnMissingBean (types: org.springframework.web.servlet.view.BeanNameViewResolver; SearchStrategy: all) found beans of type 'org.springframework.web.servlet.view.BeanNameViewResolver' beanNameViewResolver (OnBeanCondition)

   WebServiceTemplateAutoConfiguration:
      Did not match:
         - @ConditionalOnClass did not find required class 'org.springframework.ws.client.core.WebServiceTemplate' (OnClassCondition)

   WebServicesAutoConfiguration:
      Did not match:
         - @ConditionalOnClass did not find required class 'org.springframework.ws.transport.http.MessageDispatcherServlet' (OnClassCondition)

   WebSessionIdResolverAutoConfiguration:
      Did not match:
         - @ConditionalOnWebApplication did not find reactive web application classes (OnWebApplicationCondition)

   WebSocketMessagingAutoConfiguration:
      Did not match:
         - @ConditionalOnClass did not find required class 'org.springframework.web.socket.config.annotation.WebSocketMessageBrokerConfigurer' (OnClassCondition)

   WebSocketReactiveAutoConfiguration:
      Did not match:
         - @ConditionalOnWebApplication did not find reactive web application classes (OnWebApplicationCondition)

   WebSocketServletAutoConfiguration.Jetty10WebSocketConfiguration:
      Did not match:
         - @ConditionalOnClass did not find required classes 'org.eclipse.jetty.websocket.javax.server.internal.JavaxWebSocketServerContainer', 'org.eclipse.jetty.websocket.server.JettyWebSocketServerContainer' (OnClassCondition)

   WebSocketServletAutoConfiguration.JettyWebSocketConfiguration:
      Did not match:
         - @ConditionalOnClass did not find required class 'org.eclipse.jetty.websocket.jsr356.server.deploy.WebSocketServerContainerInitializer' (OnClassCondition)

   WebSocketServletAutoConfiguration.UndertowWebSocketConfiguration:
      Did not match:
         - @ConditionalOnClass did not find required class 'io.undertow.websockets.jsr.Bootstrap' (OnClassCondition)

   XADataSourceAutoConfiguration:
      Did not match:
         - @ConditionalOnClass did not find required class 'javax.transaction.TransactionManager' (OnClassCondition)


Exclusions:
-----------

    None


Unconditional classes:
----------------------

    org.springframework.boot.autoconfigure.context.ConfigurationPropertiesAutoConfiguration

    org.springframework.boot.autoconfigure.context.LifecycleAutoConfiguration

    org.springframework.boot.autoconfigure.context.PropertyPlaceholderAutoConfiguration

    org.springframework.boot.autoconfigure.availability.ApplicationAvailabilityAutoConfiguration

    org.springframework.boot.autoconfigure.info.ProjectInfoAutoConfiguration



2026-04-23 05:30:43.008  INFO 12180 --- [           main] c.e.EvBatteryPlatformApplication         : Started EvBatteryPlatformApplication in 9.522 seconds (JVM running for 10.379)
2026-04-23 05:30:43.012 DEBUG 12180 --- [           main] o.s.b.a.ApplicationAvailabilityBean      : Application availability state LivenessState changed to CORRECT
2026-04-23 05:30:43.018 DEBUG 12180 --- [           main] o.s.jdbc.core.JdbcTemplate               : Executing prepared SQL query
2026-04-23 05:30:43.019 DEBUG 12180 --- [           main] o.s.jdbc.core.JdbcTemplate               : Executing prepared SQL statement [select count(1) from information_schema.columns where table_schema = database() and table_name = ? and column_name = ?]
2026-04-23 05:30:43.050 DEBUG 12180 --- [           main] o.s.jdbc.core.JdbcTemplate               : Executing prepared SQL query
2026-04-23 05:30:43.050 DEBUG 12180 --- [           main] o.s.jdbc.core.JdbcTemplate               : Executing prepared SQL statement [select count(1) from information_schema.columns where table_schema = database() and table_name = ? and column_name = ?]
2026-04-23 05:30:43.051 DEBUG 12180 --- [           main] o.s.jdbc.core.JdbcTemplate               : Executing prepared SQL query
2026-04-23 05:30:43.053 DEBUG 12180 --- [           main] o.s.jdbc.core.JdbcTemplate               : Executing prepared SQL statement [select count(1) from information_schema.columns where table_schema = database() and table_name = ? and column_name = ?]
2026-04-23 05:30:43.054 DEBUG 12180 --- [           main] o.s.jdbc.core.JdbcTemplate               : Executing prepared SQL query
2026-04-23 05:30:43.054 DEBUG 12180 --- [           main] o.s.jdbc.core.JdbcTemplate               : Executing prepared SQL statement [select count(1) from information_schema.columns where table_schema = database() and table_name = ? and column_name = ?]
2026-04-23 05:30:43.056 DEBUG 12180 --- [           main] o.s.jdbc.core.JdbcTemplate               : Executing prepared SQL query
2026-04-23 05:30:43.056 DEBUG 12180 --- [           main] o.s.jdbc.core.JdbcTemplate               : Executing prepared SQL statement [select count(1) from information_schema.statistics where table_schema = database() and table_name = ? and index_name = ?]
2026-04-23 05:30:43.058 DEBUG 12180 --- [           main] o.s.jdbc.core.JdbcTemplate               : Executing prepared SQL query
2026-04-23 05:30:43.059 DEBUG 12180 --- [           main] o.s.jdbc.core.JdbcTemplate               : Executing prepared SQL statement [select count(1) from information_schema.statistics where table_schema = database() and table_name = ? and index_name = ?]
2026-04-23 05:30:43.060 DEBUG 12180 --- [           main] o.s.jdbc.core.JdbcTemplate               : Executing prepared SQL query
2026-04-23 05:30:43.061 DEBUG 12180 --- [           main] o.s.jdbc.core.JdbcTemplate               : Executing prepared SQL statement [select count(1) from information_schema.statistics where table_schema = database() and table_name = ? and index_name = ?]
2026-04-23 05:30:43.062 DEBUG 12180 --- [           main] o.s.jdbc.core.JdbcTemplate               : Executing prepared SQL query
2026-04-23 05:30:43.062 DEBUG 12180 --- [           main] o.s.jdbc.core.JdbcTemplate               : Executing prepared SQL statement [select count(1) from information_schema.columns where table_schema = database() and table_name = ? and column_name = ?]
2026-04-23 05:30:43.064 DEBUG 12180 --- [           main] o.s.jdbc.core.JdbcTemplate               : Executing prepared SQL query
2026-04-23 05:30:43.064 DEBUG 12180 --- [           main] o.s.jdbc.core.JdbcTemplate               : Executing prepared SQL statement [select count(1) from information_schema.columns where table_schema = database() and table_name = ? and column_name = ?]
2026-04-23 05:30:43.066 DEBUG 12180 --- [           main] o.s.jdbc.core.JdbcTemplate               : Executing prepared SQL query
2026-04-23 05:30:43.066 DEBUG 12180 --- [           main] o.s.jdbc.core.JdbcTemplate               : Executing prepared SQL statement [select count(1) from information_schema.columns where table_schema = database() and table_name = ? and column_name = ?]
2026-04-23 05:30:43.067 DEBUG 12180 --- [           main] o.s.jdbc.core.JdbcTemplate               : Executing prepared SQL query
2026-04-23 05:30:43.068 DEBUG 12180 --- [           main] o.s.jdbc.core.JdbcTemplate               : Executing prepared SQL statement [select count(1) from information_schema.columns where table_schema = database() and table_name = ? and column_name = ?]
2026-04-23 05:30:43.070 DEBUG 12180 --- [           main] o.s.jdbc.core.JdbcTemplate               : Executing prepared SQL query
2026-04-23 05:30:43.070 DEBUG 12180 --- [           main] o.s.jdbc.core.JdbcTemplate               : Executing prepared SQL statement [select count(1) from information_schema.columns where table_schema = database() and table_name = ? and column_name = ?]
2026-04-23 05:30:43.072 DEBUG 12180 --- [           main] o.s.jdbc.core.JdbcTemplate               : Executing prepared SQL query
2026-04-23 05:30:43.072 DEBUG 12180 --- [           main] o.s.jdbc.core.JdbcTemplate               : Executing prepared SQL statement [select count(1) from information_schema.columns where table_schema = database() and table_name = ? and column_name = ?]
2026-04-23 05:30:43.075 DEBUG 12180 --- [           main] o.s.jdbc.core.JdbcTemplate               : Executing prepared SQL query
2026-04-23 05:30:43.075 DEBUG 12180 --- [           main] o.s.jdbc.core.JdbcTemplate               : Executing prepared SQL statement [select count(1) from information_schema.columns where table_schema = database() and table_name = ? and column_name = ?]
2026-04-23 05:30:43.076 DEBUG 12180 --- [           main] o.s.jdbc.core.JdbcTemplate               : Executing prepared SQL query
2026-04-23 05:30:43.076 DEBUG 12180 --- [           main] o.s.jdbc.core.JdbcTemplate               : Executing prepared SQL statement [select count(1) from information_schema.columns where table_schema = database() and table_name = ? and column_name = ?]
2026-04-23 05:30:43.078 DEBUG 12180 --- [           main] o.s.jdbc.core.JdbcTemplate               : Executing prepared SQL query
2026-04-23 05:30:43.079 DEBUG 12180 --- [           main] o.s.jdbc.core.JdbcTemplate               : Executing prepared SQL statement [select count(1) from information_schema.columns where table_schema = database() and table_name = ? and column_name = ?]
2026-04-23 05:30:43.080 DEBUG 12180 --- [           main] o.s.jdbc.core.JdbcTemplate               : Executing prepared SQL query
2026-04-23 05:30:43.081 DEBUG 12180 --- [           main] o.s.jdbc.core.JdbcTemplate               : Executing prepared SQL statement [select count(1) from information_schema.columns where table_schema = database() and table_name = ? and column_name = ?]
2026-04-23 05:30:43.083 DEBUG 12180 --- [           main] o.s.jdbc.core.JdbcTemplate               : Executing prepared SQL query
2026-04-23 05:30:43.084 DEBUG 12180 --- [           main] o.s.jdbc.core.JdbcTemplate               : Executing prepared SQL statement [select count(1) from information_schema.columns where table_schema = database() and table_name = ? and column_name = ?]
2026-04-23 05:30:43.086 DEBUG 12180 --- [           main] o.s.jdbc.core.JdbcTemplate               : Executing prepared SQL query
2026-04-23 05:30:43.086 DEBUG 12180 --- [           main] o.s.jdbc.core.JdbcTemplate               : Executing prepared SQL statement [select count(1) from information_schema.columns where table_schema = database() and table_name = ? and column_name = ?]
2026-04-23 05:30:43.088 DEBUG 12180 --- [           main] o.s.jdbc.core.JdbcTemplate               : Executing prepared SQL query
2026-04-23 05:30:43.088 DEBUG 12180 --- [           main] o.s.jdbc.core.JdbcTemplate               : Executing prepared SQL statement [select count(1) from information_schema.columns where table_schema = database() and table_name = ? and column_name = ?]
2026-04-23 05:30:43.090 DEBUG 12180 --- [           main] o.s.jdbc.core.JdbcTemplate               : Executing prepared SQL query
2026-04-23 05:30:43.090 DEBUG 12180 --- [           main] o.s.jdbc.core.JdbcTemplate               : Executing prepared SQL statement [select count(1) from information_schema.columns where table_schema = database() and table_name = ? and column_name = ?]
2026-04-23 05:30:43.091 DEBUG 12180 --- [           main] o.s.jdbc.core.JdbcTemplate               : Executing prepared SQL query
2026-04-23 05:30:43.092 DEBUG 12180 --- [           main] o.s.jdbc.core.JdbcTemplate               : Executing prepared SQL statement [select count(1) from information_schema.columns where table_schema = database() and table_name = ? and column_name = ?]
2026-04-23 05:30:43.093 DEBUG 12180 --- [           main] o.s.jdbc.core.JdbcTemplate               : Executing prepared SQL query
2026-04-23 05:30:43.093 DEBUG 12180 --- [           main] o.s.jdbc.core.JdbcTemplate               : Executing prepared SQL statement [select count(1) from information_schema.columns where table_schema = database() and table_name = ? and column_name = ?]
2026-04-23 05:30:43.095 DEBUG 12180 --- [           main] o.s.jdbc.core.JdbcTemplate               : Executing prepared SQL query
2026-04-23 05:30:43.095 DEBUG 12180 --- [           main] o.s.jdbc.core.JdbcTemplate               : Executing prepared SQL statement [select count(1) from information_schema.columns where table_schema = database() and table_name = ? and column_name = ?]
2026-04-23 05:30:43.097 DEBUG 12180 --- [           main] o.s.jdbc.core.JdbcTemplate               : Executing prepared SQL query
2026-04-23 05:30:43.097 DEBUG 12180 --- [           main] o.s.jdbc.core.JdbcTemplate               : Executing prepared SQL statement [select count(1) from information_schema.columns where table_schema = database() and table_name = ? and column_name = ?]
2026-04-23 05:30:43.099 DEBUG 12180 --- [           main] o.s.jdbc.core.JdbcTemplate               : Executing prepared SQL query
2026-04-23 05:30:43.100 DEBUG 12180 --- [           main] o.s.jdbc.core.JdbcTemplate               : Executing prepared SQL statement [select count(1) from information_schema.columns where table_schema = database() and table_name = ? and column_name = ?]
2026-04-23 05:30:43.101 DEBUG 12180 --- [           main] o.s.jdbc.core.JdbcTemplate               : Executing prepared SQL query
2026-04-23 05:30:43.102 DEBUG 12180 --- [           main] o.s.jdbc.core.JdbcTemplate               : Executing prepared SQL statement [select count(1) from information_schema.columns where table_schema = database() and table_name = ? and column_name = ?]
2026-04-23 05:30:43.103 DEBUG 12180 --- [           main] o.s.jdbc.core.JdbcTemplate               : Executing prepared SQL query
2026-04-23 05:30:43.104 DEBUG 12180 --- [           main] o.s.jdbc.core.JdbcTemplate               : Executing prepared SQL statement [select count(1) from information_schema.columns where table_schema = database() and table_name = ? and column_name = ?]
2026-04-23 05:30:43.105 DEBUG 12180 --- [           main] o.s.jdbc.core.JdbcTemplate               : Executing prepared SQL query
2026-04-23 05:30:43.105 DEBUG 12180 --- [           main] o.s.jdbc.core.JdbcTemplate               : Executing prepared SQL statement [select count(1) from information_schema.columns where table_schema = database() and table_name = ? and column_name = ?]
2026-04-23 05:30:43.107 DEBUG 12180 --- [           main] o.s.jdbc.core.JdbcTemplate               : Executing prepared SQL query
2026-04-23 05:30:43.107 DEBUG 12180 --- [           main] o.s.jdbc.core.JdbcTemplate               : Executing prepared SQL statement [select count(1) from information_schema.columns where table_schema = database() and table_name = ? and column_name = ?]
2026-04-23 05:30:43.108 DEBUG 12180 --- [           main] o.s.jdbc.core.JdbcTemplate               : Executing prepared SQL query
2026-04-23 05:30:43.109 DEBUG 12180 --- [           main] o.s.jdbc.core.JdbcTemplate               : Executing prepared SQL statement [select count(1) from information_schema.columns where table_schema = database() and table_name = ? and column_name = ?]
2026-04-23 05:30:43.110 DEBUG 12180 --- [           main] o.s.jdbc.core.JdbcTemplate               : Executing prepared SQL query
2026-04-23 05:30:43.111 DEBUG 12180 --- [           main] o.s.jdbc.core.JdbcTemplate               : Executing prepared SQL statement [select count(1) from information_schema.columns where table_schema = database() and table_name = ? and column_name = ?]
2026-04-23 05:30:43.113 DEBUG 12180 --- [           main] o.s.jdbc.core.JdbcTemplate               : Executing prepared SQL query
2026-04-23 05:30:43.113 DEBUG 12180 --- [           main] o.s.jdbc.core.JdbcTemplate               : Executing prepared SQL statement [select count(1) from information_schema.columns where table_schema = database() and table_name = ? and column_name = ?]
2026-04-23 05:30:43.116 DEBUG 12180 --- [           main] o.s.jdbc.core.JdbcTemplate               : Executing prepared SQL query
2026-04-23 05:30:43.116 DEBUG 12180 --- [           main] o.s.jdbc.core.JdbcTemplate               : Executing prepared SQL statement [select count(1) from information_schema.columns where table_schema = database() and table_name = ? and column_name = ?]
2026-04-23 05:30:43.118 DEBUG 12180 --- [           main] o.s.jdbc.core.JdbcTemplate               : Executing prepared SQL query
2026-04-23 05:30:43.118 DEBUG 12180 --- [           main] o.s.jdbc.core.JdbcTemplate               : Executing prepared SQL statement [select count(1) from information_schema.columns where table_schema = database() and table_name = ? and column_name = ?]
2026-04-23 05:30:43.120 DEBUG 12180 --- [           main] o.s.jdbc.core.JdbcTemplate               : Executing prepared SQL query
2026-04-23 05:30:43.121 DEBUG 12180 --- [           main] o.s.jdbc.core.JdbcTemplate               : Executing prepared SQL statement [select count(1) from information_schema.columns where table_schema = database() and table_name = ? and column_name = ?]
2026-04-23 05:30:43.122 DEBUG 12180 --- [           main] o.s.jdbc.core.JdbcTemplate               : Executing prepared SQL query
2026-04-23 05:30:43.123 DEBUG 12180 --- [           main] o.s.jdbc.core.JdbcTemplate               : Executing prepared SQL statement [select count(1) from information_schema.columns where table_schema = database() and table_name = ? and column_name = ?]
2026-04-23 05:30:43.124 DEBUG 12180 --- [           main] o.s.jdbc.core.JdbcTemplate               : Executing prepared SQL query
2026-04-23 05:30:43.124 DEBUG 12180 --- [           main] o.s.jdbc.core.JdbcTemplate               : Executing prepared SQL statement [select count(1) from information_schema.columns where table_schema = database() and table_name = ? and column_name = ?]
2026-04-23 05:30:43.126 DEBUG 12180 --- [           main] o.s.jdbc.core.JdbcTemplate               : Executing prepared SQL query
2026-04-23 05:30:43.126 DEBUG 12180 --- [           main] o.s.jdbc.core.JdbcTemplate               : Executing prepared SQL statement [select count(1) from information_schema.columns where table_schema = database() and table_name = ? and column_name = ?]
2026-04-23 05:30:43.128 DEBUG 12180 --- [           main] o.s.jdbc.core.JdbcTemplate               : Executing prepared SQL query
2026-04-23 05:30:43.129 DEBUG 12180 --- [           main] o.s.jdbc.core.JdbcTemplate               : Executing prepared SQL statement [select count(1) from information_schema.columns where table_schema = database() and table_name = ? and column_name = ?]
2026-04-23 05:30:43.131 DEBUG 12180 --- [           main] o.s.jdbc.core.JdbcTemplate               : Executing prepared SQL query
2026-04-23 05:30:43.131 DEBUG 12180 --- [           main] o.s.jdbc.core.JdbcTemplate               : Executing prepared SQL statement [select count(1) from information_schema.columns where table_schema = database() and table_name = ? and column_name = ?]
2026-04-23 05:30:43.133 DEBUG 12180 --- [           main] o.s.jdbc.core.JdbcTemplate               : Executing prepared SQL query
2026-04-23 05:30:43.133 DEBUG 12180 --- [           main] o.s.jdbc.core.JdbcTemplate               : Executing prepared SQL statement [select count(1) from information_schema.columns where table_schema = database() and table_name = ? and column_name = ?]
2026-04-23 05:30:43.136 DEBUG 12180 --- [           main] o.s.jdbc.core.JdbcTemplate               : Executing prepared SQL query
2026-04-23 05:30:43.136 DEBUG 12180 --- [           main] o.s.jdbc.core.JdbcTemplate               : Executing prepared SQL statement [select count(1) from information_schema.columns where table_schema = database() and table_name = ? and column_name = ?]
2026-04-23 05:30:43.137 DEBUG 12180 --- [           main] o.s.jdbc.core.JdbcTemplate               : Executing prepared SQL query
2026-04-23 05:30:43.138 DEBUG 12180 --- [           main] o.s.jdbc.core.JdbcTemplate               : Executing prepared SQL statement [select count(1) from information_schema.columns where table_schema = database() and table_name = ? and column_name = ?]
2026-04-23 05:30:43.140 DEBUG 12180 --- [           main] o.s.jdbc.core.JdbcTemplate               : Executing prepared SQL query
2026-04-23 05:30:43.140 DEBUG 12180 --- [           main] o.s.jdbc.core.JdbcTemplate               : Executing prepared SQL statement [select count(1) from information_schema.columns where table_schema = database() and table_name = ? and column_name = ?]
2026-04-23 05:30:43.143 DEBUG 12180 --- [           main] o.s.jdbc.core.JdbcTemplate               : Executing prepared SQL query
2026-04-23 05:30:43.143 DEBUG 12180 --- [           main] o.s.jdbc.core.JdbcTemplate               : Executing prepared SQL statement [select count(1) from role where role_code = ?]
2026-04-23 05:30:43.145 DEBUG 12180 --- [           main] o.s.jdbc.core.JdbcTemplate               : Executing prepared SQL update
2026-04-23 05:30:43.146 DEBUG 12180 --- [           main] o.s.jdbc.core.JdbcTemplate               : Executing prepared SQL statement [update role set role_name=?, description=? where role_code=?]
2026-04-23 05:30:43.147 DEBUG 12180 --- [           main] o.s.jdbc.core.JdbcTemplate               : Executing prepared SQL query
2026-04-23 05:30:43.148 DEBUG 12180 --- [           main] o.s.jdbc.core.JdbcTemplate               : Executing prepared SQL statement [select count(1) from role where role_code = ?]
2026-04-23 05:30:43.149 DEBUG 12180 --- [           main] o.s.jdbc.core.JdbcTemplate               : Executing prepared SQL update
2026-04-23 05:30:43.149 DEBUG 12180 --- [           main] o.s.jdbc.core.JdbcTemplate               : Executing prepared SQL statement [update role set role_name=?, description=? where role_code=?]
2026-04-23 05:30:43.150 DEBUG 12180 --- [           main] o.s.jdbc.core.JdbcTemplate               : Executing SQL query [select count(1) from `user` where username = 'testuser']
2026-04-23 05:30:43.152 DEBUG 12180 --- [           main] o.s.jdbc.core.JdbcTemplate               : Executing SQL query [select count(1) from `user` where username = 'test']
2026-04-23 05:30:43.153 DEBUG 12180 --- [           main] o.s.jdbc.core.JdbcTemplate               : Executing prepared SQL query
2026-04-23 05:30:43.153 DEBUG 12180 --- [           main] o.s.jdbc.core.JdbcTemplate               : Executing prepared SQL statement [select id from `user` where username = ?]
2026-04-23 05:30:43.228 DEBUG 12180 --- [           main] o.s.jdbc.core.JdbcTemplate               : Executing prepared SQL update
2026-04-23 05:30:43.228 DEBUG 12180 --- [           main] o.s.jdbc.core.JdbcTemplate               : Executing prepared SQL statement [update `user` set password=?, real_name=?, email=?, status=1 where id=?]
2026-04-23 05:30:43.232 DEBUG 12180 --- [           main] o.s.jdbc.core.JdbcTemplate               : Executing prepared SQL query
2026-04-23 05:30:43.232 DEBUG 12180 --- [           main] o.s.jdbc.core.JdbcTemplate               : Executing prepared SQL statement [select id from role where role_code = ?]
2026-04-23 05:30:43.233 DEBUG 12180 --- [           main] o.s.jdbc.core.JdbcTemplate               : Executing prepared SQL query
2026-04-23 05:30:43.233 DEBUG 12180 --- [           main] o.s.jdbc.core.JdbcTemplate               : Executing prepared SQL statement [select count(1) from user_role where user_id=? and role_id=?]
2026-04-23 05:30:43.234 DEBUG 12180 --- [           main] o.s.jdbc.core.JdbcTemplate               : Executing prepared SQL query
2026-04-23 05:30:43.234 DEBUG 12180 --- [           main] o.s.jdbc.core.JdbcTemplate               : Executing prepared SQL statement [select id from `user` where username = ?]
2026-04-23 05:30:43.296 DEBUG 12180 --- [           main] o.s.jdbc.core.JdbcTemplate               : Executing prepared SQL update
2026-04-23 05:30:43.296 DEBUG 12180 --- [           main] o.s.jdbc.core.JdbcTemplate               : Executing prepared SQL statement [update `user` set password=?, real_name=?, email=?, status=1 where id=?]
2026-04-23 05:30:43.300 DEBUG 12180 --- [           main] o.s.jdbc.core.JdbcTemplate               : Executing prepared SQL query
2026-04-23 05:30:43.300 DEBUG 12180 --- [           main] o.s.jdbc.core.JdbcTemplate               : Executing prepared SQL statement [select id from role where role_code = ?]
2026-04-23 05:30:43.302 DEBUG 12180 --- [           main] o.s.jdbc.core.JdbcTemplate               : Executing prepared SQL query
2026-04-23 05:30:43.303 DEBUG 12180 --- [           main] o.s.jdbc.core.JdbcTemplate               : Executing prepared SQL statement [select count(1) from user_role where user_id=? and role_id=?]
2026-04-23 05:30:43.305 DEBUG 12180 --- [           main] o.s.jdbc.core.JdbcTemplate               : Executing prepared SQL query
2026-04-23 05:30:43.305 DEBUG 12180 --- [           main] o.s.jdbc.core.JdbcTemplate               : Executing prepared SQL statement [select id from `user` where username = ?]
2026-04-23 05:30:43.376 DEBUG 12180 --- [           main] o.s.jdbc.core.JdbcTemplate               : Executing prepared SQL update
2026-04-23 05:30:43.377 DEBUG 12180 --- [           main] o.s.jdbc.core.JdbcTemplate               : Executing prepared SQL statement [update `user` set password=?, real_name=?, email=?, status=1 where id=?]
2026-04-23 05:30:43.381 DEBUG 12180 --- [           main] o.s.jdbc.core.JdbcTemplate               : Executing prepared SQL query
2026-04-23 05:30:43.382 DEBUG 12180 --- [           main] o.s.jdbc.core.JdbcTemplate               : Executing prepared SQL statement [select id from role where role_code = ?]
2026-04-23 05:30:43.383 DEBUG 12180 --- [           main] o.s.jdbc.core.JdbcTemplate               : Executing prepared SQL query
2026-04-23 05:30:43.384 DEBUG 12180 --- [           main] o.s.jdbc.core.JdbcTemplate               : Executing prepared SQL statement [select count(1) from user_role where user_id=? and role_id=?]
2026-04-23 05:30:43.385 DEBUG 12180 --- [           main] o.s.jdbc.core.JdbcTemplate               : Executing prepared SQL query
2026-04-23 05:30:43.386 DEBUG 12180 --- [           main] o.s.jdbc.core.JdbcTemplate               : Executing prepared SQL statement [select id from `user` where username = ?]
2026-04-23 05:30:43.456 DEBUG 12180 --- [           main] o.s.jdbc.core.JdbcTemplate               : Executing prepared SQL update
2026-04-23 05:30:43.457 DEBUG 12180 --- [           main] o.s.jdbc.core.JdbcTemplate               : Executing prepared SQL statement [update `user` set password=?, real_name=?, email=?, status=1 where id=?]
2026-04-23 05:30:43.460 DEBUG 12180 --- [           main] o.s.jdbc.core.JdbcTemplate               : Executing prepared SQL query
2026-04-23 05:30:43.460 DEBUG 12180 --- [           main] o.s.jdbc.core.JdbcTemplate               : Executing prepared SQL statement [select id from role where role_code = ?]
2026-04-23 05:30:43.461 DEBUG 12180 --- [           main] o.s.jdbc.core.JdbcTemplate               : Executing prepared SQL query
2026-04-23 05:30:43.462 DEBUG 12180 --- [           main] o.s.jdbc.core.JdbcTemplate               : Executing prepared SQL statement [select count(1) from user_role where user_id=? and role_id=?]
2026-04-23 05:30:43.463 DEBUG 12180 --- [           main] o.s.jdbc.core.JdbcTemplate               : Executing prepared SQL query
2026-04-23 05:30:43.463 DEBUG 12180 --- [           main] o.s.jdbc.core.JdbcTemplate               : Executing prepared SQL statement [select count(1) from permission where perm_code=?]
2026-04-23 05:30:43.464 DEBUG 12180 --- [           main] o.s.jdbc.core.JdbcTemplate               : Executing prepared SQL update
2026-04-23 05:30:43.464 DEBUG 12180 --- [           main] o.s.jdbc.core.JdbcTemplate               : Executing prepared SQL statement [update permission set perm_name=?, perm_type='API', path=? where perm_code=?]
2026-04-23 05:30:43.465 DEBUG 12180 --- [           main] o.s.jdbc.core.JdbcTemplate               : Executing prepared SQL query
2026-04-23 05:30:43.465 DEBUG 12180 --- [           main] o.s.jdbc.core.JdbcTemplate               : Executing prepared SQL statement [select count(1) from permission where perm_code=?]
2026-04-23 05:30:43.466 DEBUG 12180 --- [           main] o.s.jdbc.core.JdbcTemplate               : Executing prepared SQL update
2026-04-23 05:30:43.466 DEBUG 12180 --- [           main] o.s.jdbc.core.JdbcTemplate               : Executing prepared SQL statement [update permission set perm_name=?, perm_type='API', path=? where perm_code=?]
2026-04-23 05:30:43.467 DEBUG 12180 --- [           main] o.s.jdbc.core.JdbcTemplate               : Executing prepared SQL query
2026-04-23 05:30:43.467 DEBUG 12180 --- [           main] o.s.jdbc.core.JdbcTemplate               : Executing prepared SQL statement [select count(1) from permission where perm_code=?]
2026-04-23 05:30:43.468 DEBUG 12180 --- [           main] o.s.jdbc.core.JdbcTemplate               : Executing prepared SQL update
2026-04-23 05:30:43.468 DEBUG 12180 --- [           main] o.s.jdbc.core.JdbcTemplate               : Executing prepared SQL statement [update permission set perm_name=?, perm_type='API', path=? where perm_code=?]
2026-04-23 05:30:43.469 DEBUG 12180 --- [           main] o.s.jdbc.core.JdbcTemplate               : Executing SQL query [select count(1) from battery_record]
2026-04-23 05:30:43.472 DEBUG 12180 --- [           main] o.s.jdbc.core.JdbcTemplate               : Executing SQL query [select count(1) from health_assessment]
2026-04-23 05:30:43.475 DEBUG 12180 --- [           main] o.s.jdbc.core.JdbcTemplate               : Executing prepared SQL query
2026-04-23 05:30:43.475 DEBUG 12180 --- [           main] o.s.jdbc.core.JdbcTemplate               : Executing prepared SQL statement [select id from `user` where username = ?]
2026-04-23 05:30:43.476 DEBUG 12180 --- [           main] o.s.jdbc.core.JdbcTemplate               : Executing prepared SQL query
2026-04-23 05:30:43.476 DEBUG 12180 --- [           main] o.s.jdbc.core.JdbcTemplate               : Executing prepared SQL statement [select count(1) from user_profile where user_id = ?]
2026-04-23 05:30:43.477 DEBUG 12180 --- [           main] o.s.jdbc.core.JdbcTemplate               : Executing prepared SQL update
2026-04-23 05:30:43.478 DEBUG 12180 --- [           main] o.s.jdbc.core.JdbcTemplate               : Executing prepared SQL statement [update user_profile set nickname = ?, avatar = ?, bio = ?, city = ? where user_id = ?]
2026-04-23 05:30:43.479 DEBUG 12180 --- [           main] o.s.jdbc.core.JdbcTemplate               : Executing prepared SQL query
2026-04-23 05:30:43.479 DEBUG 12180 --- [           main] o.s.jdbc.core.JdbcTemplate               : Executing prepared SQL statement [select id from `user` where username = ?]
2026-04-23 05:30:43.480 DEBUG 12180 --- [           main] o.s.jdbc.core.JdbcTemplate               : Executing prepared SQL query
2026-04-23 05:30:43.480 DEBUG 12180 --- [           main] o.s.jdbc.core.JdbcTemplate               : Executing prepared SQL statement [select count(1) from user_profile where user_id = ?]
2026-04-23 05:30:43.481 DEBUG 12180 --- [           main] o.s.jdbc.core.JdbcTemplate               : Executing prepared SQL update
2026-04-23 05:30:43.482 DEBUG 12180 --- [           main] o.s.jdbc.core.JdbcTemplate               : Executing prepared SQL statement [update user_profile set nickname = ?, avatar = ?, bio = ?, city = ? where user_id = ?]
2026-04-23 05:30:43.482 DEBUG 12180 --- [           main] o.s.jdbc.core.JdbcTemplate               : Executing prepared SQL query
2026-04-23 05:30:43.483 DEBUG 12180 --- [           main] o.s.jdbc.core.JdbcTemplate               : Executing prepared SQL statement [select id from `user` where username = ?]
2026-04-23 05:30:43.484 DEBUG 12180 --- [           main] o.s.jdbc.core.JdbcTemplate               : Executing prepared SQL query
2026-04-23 05:30:43.484 DEBUG 12180 --- [           main] o.s.jdbc.core.JdbcTemplate               : Executing prepared SQL statement [select count(1) from user_profile where user_id = ?]
2026-04-23 05:30:43.485 DEBUG 12180 --- [           main] o.s.jdbc.core.JdbcTemplate               : Executing prepared SQL update
2026-04-23 05:30:43.485 DEBUG 12180 --- [           main] o.s.jdbc.core.JdbcTemplate               : Executing prepared SQL statement [update user_profile set nickname = ?, avatar = ?, bio = ?, city = ? where user_id = ?]
2026-04-23 05:30:43.486 DEBUG 12180 --- [           main] o.s.jdbc.core.JdbcTemplate               : Executing prepared SQL query
2026-04-23 05:30:43.486 DEBUG 12180 --- [           main] o.s.jdbc.core.JdbcTemplate               : Executing prepared SQL statement [select id from `user` where username = ?]
2026-04-23 05:30:43.487 DEBUG 12180 --- [           main] o.s.jdbc.core.JdbcTemplate               : Executing prepared SQL query
2026-04-23 05:30:43.487 DEBUG 12180 --- [           main] o.s.jdbc.core.JdbcTemplate               : Executing prepared SQL statement [select count(1) from user_address where user_id = ?]
2026-04-23 05:30:43.488 DEBUG 12180 --- [           main] o.s.jdbc.core.JdbcTemplate               : Executing prepared SQL query
2026-04-23 05:30:43.489 DEBUG 12180 --- [           main] o.s.jdbc.core.JdbcTemplate               : Executing prepared SQL statement [select id from `user` where username = ?]
2026-04-23 05:30:43.490 DEBUG 12180 --- [           main] o.s.jdbc.core.JdbcTemplate               : Executing prepared SQL query
2026-04-23 05:30:43.490 DEBUG 12180 --- [           main] o.s.jdbc.core.JdbcTemplate               : Executing prepared SQL statement [select count(1) from user_address where user_id = ?]
2026-04-23 05:30:43.491 DEBUG 12180 --- [           main] o.s.jdbc.core.JdbcTemplate               : Executing prepared SQL query
2026-04-23 05:30:43.492 DEBUG 12180 --- [           main] o.s.jdbc.core.JdbcTemplate               : Executing prepared SQL statement [select id from `user` where username = ?]
2026-04-23 05:30:43.493 DEBUG 12180 --- [           main] o.s.jdbc.core.JdbcTemplate               : Executing prepared SQL query
2026-04-23 05:30:43.493 DEBUG 12180 --- [           main] o.s.jdbc.core.JdbcTemplate               : Executing prepared SQL statement [select count(1) from user_address where user_id = ?]
2026-04-23 05:30:43.494 DEBUG 12180 --- [           main] o.s.jdbc.core.JdbcTemplate               : Executing SQL query [select count(1) from product where deleted_flag = 0 and draft_flag = 0]
2026-04-23 05:30:43.497 DEBUG 12180 --- [           main] o.s.b.a.ApplicationAvailabilityBean      : Application availability state ReadinessState changed to ACCEPTING_TRAFFIC
2026-04-23 05:31:08.571  INFO 12180 --- [nio-8081-exec-2] o.a.c.c.C.[Tomcat].[localhost].[/]       : Initializing Spring DispatcherServlet 'dispatcherServlet'
2026-04-23 05:31:08.572  INFO 12180 --- [nio-8081-exec-2] o.s.web.servlet.DispatcherServlet        : Initializing Servlet 'dispatcherServlet'
2026-04-23 05:31:08.573 DEBUG 12180 --- [nio-8081-exec-2] o.s.web.servlet.DispatcherServlet        : Detected StandardServletMultipartResolver
2026-04-23 05:31:08.573 DEBUG 12180 --- [nio-8081-exec-2] o.s.web.servlet.DispatcherServlet        : Detected AcceptHeaderLocaleResolver
2026-04-23 05:31:08.573 DEBUG 12180 --- [nio-8081-exec-2] o.s.web.servlet.DispatcherServlet        : Detected FixedThemeResolver
2026-04-23 05:31:08.574 DEBUG 12180 --- [nio-8081-exec-2] o.s.web.servlet.DispatcherServlet        : Detected org.springframework.web.servlet.view.DefaultRequestToViewNameTranslator@52f63aa5
2026-04-23 05:31:08.582 DEBUG 12180 --- [nio-8081-exec-2] o.s.web.servlet.DispatcherServlet        : Detected org.springframework.web.servlet.support.SessionFlashMapManager@68fef925
2026-04-23 05:31:08.582 DEBUG 12180 --- [nio-8081-exec-2] o.s.web.servlet.DispatcherServlet        : enableLoggingRequestDetails='false': request parameters and headers will be masked to prevent unsafe logging of potentially sensitive data
2026-04-23 05:31:08.582  INFO 12180 --- [nio-8081-exec-2] o.s.web.servlet.DispatcherServlet        : Completed initialization in 10 ms
2026-04-23 05:31:08.622 DEBUG 12180 --- [nio-8081-exec-2] o.s.web.servlet.DispatcherServlet        : POST "/api/assistant/stream", parameters={}
2026-04-23 05:31:08.622 DEBUG 12180 --- [nio-8081-exec-1] o.s.web.servlet.DispatcherServlet        : POST "/api/assistant/chat", parameters={}
2026-04-23 05:31:08.629 DEBUG 12180 --- [nio-8081-exec-1] s.w.s.m.m.a.RequestMappingHandlerMapping : Mapped to com.evbattery.modules.assistant.controller.AssistantController#chat(Map)
2026-04-23 05:31:08.631 DEBUG 12180 --- [nio-8081-exec-2] s.w.s.m.m.a.RequestMappingHandlerMapping : Mapped to com.evbattery.modules.assistant.controller.AssistantController#stream(Map)
2026-04-23 05:31:08.728 DEBUG 12180 --- [nio-8081-exec-2] m.m.a.RequestResponseBodyMethodProcessor : Read "application/json;charset=utf-8" to [{question=???????????, history=[]}]
2026-04-23 05:31:08.728 DEBUG 12180 --- [nio-8081-exec-1] m.m.a.RequestResponseBodyMethodProcessor : Read "application/json;charset=utf-8" to [{question=只回答四个字：外部模型, history=[]}]
2026-04-23 05:31:08.765 DEBUG 12180 --- [nio-8081-exec-2] o.s.w.c.request.async.WebAsyncManager    : Started async request
2026-04-23 05:31:08.767 DEBUG 12180 --- [nio-8081-exec-2] o.s.web.servlet.DispatcherServlet        : Exiting but response remains open for further handling
2026-04-23 05:31:18.107 DEBUG 12180 --- [nio-8081-exec-1] m.m.a.RequestResponseBodyMethodProcessor : Using 'application/json', given [*/*] and supported [application/json, application/*+json, application/json, application/*+json]
2026-04-23 05:31:18.108 DEBUG 12180 --- [nio-8081-exec-1] m.m.a.RequestResponseBodyMethodProcessor : Writing [Result(code=200, message=success, data={reply=外部模型})]
2026-04-23 05:31:18.117 DEBUG 12180 --- [nio-8081-exec-1] o.s.web.servlet.DispatcherServlet        : Completed 200 OK
2026-04-23 05:31:24.880 DEBUG 12180 --- [ssistant-stream] o.s.w.c.request.async.WebAsyncManager    : Async result set, dispatch to /api/assistant/stream
2026-04-23 05:31:24.888 DEBUG 12180 --- [nio-8081-exec-6] o.s.web.servlet.DispatcherServlet        : "ASYNC" dispatch for POST "/api/assistant/stream", parameters={}
2026-04-23 05:31:24.889 DEBUG 12180 --- [nio-8081-exec-6] s.w.s.m.m.a.RequestMappingHandlerAdapter : Resume with async result []
2026-04-23 05:31:24.893 DEBUG 12180 --- [nio-8081-exec-6] o.s.web.servlet.DispatcherServlet        : Exiting from "ASYNC" dispatch, status 200
2026-04-23 05:32:41.737 DEBUG 12180 --- [nio-8081-exec-4] o.s.web.servlet.DispatcherServlet        : POST "/api/user/login", parameters={}
2026-04-23 05:32:41.738 DEBUG 12180 --- [nio-8081-exec-4] s.w.s.m.m.a.RequestMappingHandlerMapping : Mapped to com.evbattery.modules.user.controller.UserController#login(Map)
2026-04-23 05:32:41.742 DEBUG 12180 --- [nio-8081-exec-4] m.m.a.RequestResponseBodyMethodProcessor : Read "application/json;charset=UTF-8" to [{username=admin, password=123456}]
2026-04-23 05:32:42.152 DEBUG 12180 --- [nio-8081-exec-4] o.s.jdbc.core.JdbcTemplate               : Executing prepared SQL query
2026-04-23 05:32:42.152 DEBUG 12180 --- [nio-8081-exec-4] o.s.jdbc.core.JdbcTemplate               : Executing prepared SQL statement [select r.role_code from role r join user_role ur on r.id=ur.role_id where ur.user_id=?]
2026-04-23 05:32:42.922  WARN 12180 --- [nio-8081-exec-4] c.e.m.user.controller.UserController     : Skip redis write for key auth:last-login:1

org.springframework.data.redis.RedisConnectionFailureException: Unable to connect to Redis; nested exception is io.lettuce.core.RedisConnectionException: Unable to connect to 127.0.0.1/<unresolved>:6379
	at org.springframework.data.redis.connection.lettuce.LettuceConnectionFactory$ExceptionTranslatingConnectionProvider.translateException(LettuceConnectionFactory.java:1689) ~[spring-data-redis-2.7.18.jar!/:2.7.18]
	at org.springframework.data.redis.connection.lettuce.LettuceConnectionFactory$ExceptionTranslatingConnectionProvider.getConnection(LettuceConnectionFactory.java:1597) ~[spring-data-redis-2.7.18.jar!/:2.7.18]
	at org.springframework.data.redis.connection.lettuce.LettuceConnectionFactory$SharedConnection.getNativeConnection(LettuceConnectionFactory.java:1383) ~[spring-data-redis-2.7.18.jar!/:2.7.18]
	at org.springframework.data.redis.connection.lettuce.LettuceConnectionFactory$SharedConnection.getConnection(LettuceConnectionFactory.java:1366) ~[spring-data-redis-2.7.18.jar!/:2.7.18]
	at org.springframework.data.redis.connection.lettuce.LettuceConnectionFactory.getSharedConnection(LettuceConnectionFactory.java:1093) ~[spring-data-redis-2.7.18.jar!/:2.7.18]
	at org.springframework.data.redis.connection.lettuce.LettuceConnectionFactory.getConnection(LettuceConnectionFactory.java:421) ~[spring-data-redis-2.7.18.jar!/:2.7.18]
	at org.springframework.data.redis.core.RedisConnectionUtils.fetchConnection(RedisConnectionUtils.java:193) ~[spring-data-redis-2.7.18.jar!/:2.7.18]
	at org.springframework.data.redis.core.RedisConnectionUtils.doGetConnection(RedisConnectionUtils.java:144) ~[spring-data-redis-2.7.18.jar!/:2.7.18]
	at org.springframework.data.redis.core.RedisConnectionUtils.getConnection(RedisConnectionUtils.java:105) ~[spring-data-redis-2.7.18.jar!/:2.7.18]
	at org.springframework.data.redis.core.RedisTemplate.execute(RedisTemplate.java:211) ~[spring-data-redis-2.7.18.jar!/:2.7.18]
	at org.springframework.data.redis.core.RedisTemplate.execute(RedisTemplate.java:191) ~[spring-data-redis-2.7.18.jar!/:2.7.18]
	at org.springframework.data.redis.core.AbstractOperations.execute(AbstractOperations.java:97) ~[spring-data-redis-2.7.18.jar!/:2.7.18]
	at org.springframework.data.redis.core.DefaultValueOperations.set(DefaultValueOperations.java:325) ~[spring-data-redis-2.7.18.jar!/:2.7.18]
	at com.evbattery.modules.user.controller.UserController.safeWriteRedis(UserController.java:154) ~[classes!/:1.0.0-SNAPSHOT]
	at com.evbattery.modules.user.controller.UserController.login(UserController.java:67) ~[classes!/:1.0.0-SNAPSHOT]
	at java.base/jdk.internal.reflect.DirectMethodHandleAccessor.invoke(DirectMethodHandleAccessor.java:103) ~[na:na]
	at java.base/java.lang.reflect.Method.invoke(Method.java:580) ~[na:na]
	at org.springframework.web.method.support.InvocableHandlerMethod.doInvoke(InvocableHandlerMethod.java:205) ~[spring-web-5.3.31.jar!/:5.3.31]
	at org.springframework.web.method.support.InvocableHandlerMethod.invokeForRequest(InvocableHandlerMethod.java:150) ~[spring-web-5.3.31.jar!/:5.3.31]
	at org.springframework.web.servlet.mvc.method.annotation.ServletInvocableHandlerMethod.invokeAndHandle(ServletInvocableHandlerMethod.java:117) ~[spring-webmvc-5.3.31.jar!/:5.3.31]
	at org.springframework.web.servlet.mvc.method.annotation.RequestMappingHandlerAdapter.invokeHandlerMethod(RequestMappingHandlerAdapter.java:895) ~[spring-webmvc-5.3.31.jar!/:5.3.31]
	at org.springframework.web.servlet.mvc.method.annotation.RequestMappingHandlerAdapter.handleInternal(RequestMappingHandlerAdapter.java:808) ~[spring-webmvc-5.3.31.jar!/:5.3.31]
	at org.springframework.web.servlet.mvc.method.AbstractHandlerMethodAdapter.handle(AbstractHandlerMethodAdapter.java:87) ~[spring-webmvc-5.3.31.jar!/:5.3.31]
	at org.springframework.web.servlet.DispatcherServlet.doDispatch(DispatcherServlet.java:1072) ~[spring-webmvc-5.3.31.jar!/:5.3.31]
	at org.springframework.web.servlet.DispatcherServlet.doService(DispatcherServlet.java:965) ~[spring-webmvc-5.3.31.jar!/:5.3.31]
	at org.springframework.web.servlet.FrameworkServlet.processRequest(FrameworkServlet.java:1006) ~[spring-webmvc-5.3.31.jar!/:5.3.31]
	at org.springframework.web.servlet.FrameworkServlet.doPost(FrameworkServlet.java:909) ~[spring-webmvc-5.3.31.jar!/:5.3.31]
	at javax.servlet.http.HttpServlet.service(HttpServlet.java:555) ~[tomcat-embed-core-9.0.83.jar!/:na]
	at org.springframework.web.servlet.FrameworkServlet.service(FrameworkServlet.java:883) ~[spring-webmvc-5.3.31.jar!/:5.3.31]
	at javax.servlet.http.HttpServlet.service(HttpServlet.java:623) ~[tomcat-embed-core-9.0.83.jar!/:na]
	at org.apache.catalina.core.ApplicationFilterChain.internalDoFilter(ApplicationFilterChain.java:209) ~[tomcat-embed-core-9.0.83.jar!/:na]
	at org.apache.catalina.core.ApplicationFilterChain.doFilter(ApplicationFilterChain.java:153) ~[tomcat-embed-core-9.0.83.jar!/:na]
	at org.apache.tomcat.websocket.server.WsFilter.doFilter(WsFilter.java:51) ~[tomcat-embed-websocket-9.0.83.jar!/:na]
	at org.apache.catalina.core.ApplicationFilterChain.internalDoFilter(ApplicationFilterChain.java:178) ~[tomcat-embed-core-9.0.83.jar!/:na]
	at org.apache.catalina.core.ApplicationFilterChain.doFilter(ApplicationFilterChain.java:153) ~[tomcat-embed-core-9.0.83.jar!/:na]
	at org.springframework.security.web.FilterChainProxy$VirtualFilterChain.doFilter(FilterChainProxy.java:337) ~[spring-security-web-5.7.11.jar!/:5.7.11]
	at org.springframework.security.web.access.intercept.FilterSecurityInterceptor.invoke(FilterSecurityInterceptor.java:115) ~[spring-security-web-5.7.11.jar!/:5.7.11]
	at org.springframework.security.web.access.intercept.FilterSecurityInterceptor.doFilter(FilterSecurityInterceptor.java:81) ~[spring-security-web-5.7.11.jar!/:5.7.11]
	at org.springframework.security.web.FilterChainProxy$VirtualFilterChain.doFilter(FilterChainProxy.java:346) ~[spring-security-web-5.7.11.jar!/:5.7.11]
	at org.springframework.security.web.access.ExceptionTranslationFilter.doFilter(ExceptionTranslationFilter.java:122) ~[spring-security-web-5.7.11.jar!/:5.7.11]
	at org.springframework.security.web.access.ExceptionTranslationFilter.doFilter(ExceptionTranslationFilter.java:116) ~[spring-security-web-5.7.11.jar!/:5.7.11]
	at org.springframework.security.web.FilterChainProxy$VirtualFilterChain.doFilter(FilterChainProxy.java:346) ~[spring-security-web-5.7.11.jar!/:5.7.11]
	at org.springframework.security.web.session.SessionManagementFilter.doFilter(SessionManagementFilter.java:126) ~[spring-security-web-5.7.11.jar!/:5.7.11]
	at org.springframework.security.web.session.SessionManagementFilter.doFilter(SessionManagementFilter.java:81) ~[spring-security-web-5.7.11.jar!/:5.7.11]
	at org.springframework.security.web.FilterChainProxy$VirtualFilterChain.doFilter(FilterChainProxy.java:346) ~[spring-security-web-5.7.11.jar!/:5.7.11]
	at org.springframework.security.web.authentication.AnonymousAuthenticationFilter.doFilter(AnonymousAuthenticationFilter.java:109) ~[spring-security-web-5.7.11.jar!/:5.7.11]
	at org.springframework.security.web.FilterChainProxy$VirtualFilterChain.doFilter(FilterChainProxy.java:346) ~[spring-security-web-5.7.11.jar!/:5.7.11]
	at org.springframework.security.web.servletapi.SecurityContextHolderAwareRequestFilter.doFilter(SecurityContextHolderAwareRequestFilter.java:149) ~[spring-security-web-5.7.11.jar!/:5.7.11]
	at org.springframework.security.web.FilterChainProxy$VirtualFilterChain.doFilter(FilterChainProxy.java:346) ~[spring-security-web-5.7.11.jar!/:5.7.11]
	at org.springframework.security.web.savedrequest.RequestCacheAwareFilter.doFilter(RequestCacheAwareFilter.java:63) ~[spring-security-web-5.7.11.jar!/:5.7.11]
	at org.springframework.security.web.FilterChainProxy$VirtualFilterChain.doFilter(FilterChainProxy.java:346) ~[spring-security-web-5.7.11.jar!/:5.7.11]
	at org.springframework.security.web.authentication.logout.LogoutFilter.doFilter(LogoutFilter.java:103) ~[spring-security-web-5.7.11.jar!/:5.7.11]
	at org.springframework.security.web.authentication.logout.LogoutFilter.doFilter(LogoutFilter.java:89) ~[spring-security-web-5.7.11.jar!/:5.7.11]
	at org.springframework.security.web.FilterChainProxy$VirtualFilterChain.doFilter(FilterChainProxy.java:346) ~[spring-security-web-5.7.11.jar!/:5.7.11]
	at org.springframework.security.web.header.HeaderWriterFilter.doHeadersAfter(HeaderWriterFilter.java:90) ~[spring-security-web-5.7.11.jar!/:5.7.11]
	at org.springframework.security.web.header.HeaderWriterFilter.doFilterInternal(HeaderWriterFilter.java:75) ~[spring-security-web-5.7.11.jar!/:5.7.11]
	at org.springframework.web.filter.OncePerRequestFilter.doFilter(OncePerRequestFilter.java:117) ~[spring-web-5.3.31.jar!/:5.3.31]
	at org.springframework.security.web.FilterChainProxy$VirtualFilterChain.doFilter(FilterChainProxy.java:346) ~[spring-security-web-5.7.11.jar!/:5.7.11]
	at org.springframework.security.web.context.SecurityContextPersistenceFilter.doFilter(SecurityContextPersistenceFilter.java:112) ~[spring-security-web-5.7.11.jar!/:5.7.11]
	at org.springframework.security.web.context.SecurityContextPersistenceFilter.doFilter(SecurityContextPersistenceFilter.java:82) ~[spring-security-web-5.7.11.jar!/:5.7.11]
	at org.springframework.security.web.FilterChainProxy$VirtualFilterChain.doFilter(FilterChainProxy.java:346) ~[spring-security-web-5.7.11.jar!/:5.7.11]
	at org.springframework.security.web.context.request.async.WebAsyncManagerIntegrationFilter.doFilterInternal(WebAsyncManagerIntegrationFilter.java:55) ~[spring-security-web-5.7.11.jar!/:5.7.11]
	at org.springframework.web.filter.OncePerRequestFilter.doFilter(OncePerRequestFilter.java:117) ~[spring-web-5.3.31.jar!/:5.3.31]
	at org.springframework.security.web.FilterChainProxy$VirtualFilterChain.doFilter(FilterChainProxy.java:346) ~[spring-security-web-5.7.11.jar!/:5.7.11]
	at org.springframework.security.web.session.DisableEncodeUrlFilter.doFilterInternal(DisableEncodeUrlFilter.java:42) ~[spring-security-web-5.7.11.jar!/:5.7.11]
	at org.springframework.web.filter.OncePerRequestFilter.doFilter(OncePerRequestFilter.java:117) ~[spring-web-5.3.31.jar!/:5.3.31]
	at org.springframework.security.web.FilterChainProxy$VirtualFilterChain.doFilter(FilterChainProxy.java:346) ~[spring-security-web-5.7.11.jar!/:5.7.11]
	at org.springframework.security.web.FilterChainProxy.doFilterInternal(FilterChainProxy.java:221) ~[spring-security-web-5.7.11.jar!/:5.7.11]
	at org.springframework.security.web.FilterChainProxy.doFilter(FilterChainProxy.java:186) ~[spring-security-web-5.7.11.jar!/:5.7.11]
	at org.springframework.web.filter.DelegatingFilterProxy.invokeDelegate(DelegatingFilterProxy.java:354) ~[spring-web-5.3.31.jar!/:5.3.31]
	at org.springframework.web.filter.DelegatingFilterProxy.doFilter(DelegatingFilterProxy.java:267) ~[spring-web-5.3.31.jar!/:5.3.31]
	at org.apache.catalina.core.ApplicationFilterChain.internalDoFilter(ApplicationFilterChain.java:178) ~[tomcat-embed-core-9.0.83.jar!/:na]
	at org.apache.catalina.core.ApplicationFilterChain.doFilter(ApplicationFilterChain.java:153) ~[tomcat-embed-core-9.0.83.jar!/:na]
	at org.springframework.web.filter.RequestContextFilter.doFilterInternal(RequestContextFilter.java:100) ~[spring-web-5.3.31.jar!/:5.3.31]
	at org.springframework.web.filter.OncePerRequestFilter.doFilter(OncePerRequestFilter.java:117) ~[spring-web-5.3.31.jar!/:5.3.31]
	at org.apache.catalina.core.ApplicationFilterChain.internalDoFilter(ApplicationFilterChain.java:178) ~[tomcat-embed-core-9.0.83.jar!/:na]
	at org.apache.catalina.core.ApplicationFilterChain.doFilter(ApplicationFilterChain.java:153) ~[tomcat-embed-core-9.0.83.jar!/:na]
	at org.springframework.web.filter.FormContentFilter.doFilterInternal(FormContentFilter.java:93) ~[spring-web-5.3.31.jar!/:5.3.31]
	at org.springframework.web.filter.OncePerRequestFilter.doFilter(OncePerRequestFilter.java:117) ~[spring-web-5.3.31.jar!/:5.3.31]
	at org.apache.catalina.core.ApplicationFilterChain.internalDoFilter(ApplicationFilterChain.java:178) ~[tomcat-embed-core-9.0.83.jar!/:na]
	at org.apache.catalina.core.ApplicationFilterChain.doFilter(ApplicationFilterChain.java:153) ~[tomcat-embed-core-9.0.83.jar!/:na]
	at org.springframework.web.filter.CharacterEncodingFilter.doFilterInternal(CharacterEncodingFilter.java:201) ~[spring-web-5.3.31.jar!/:5.3.31]
	at org.springframework.web.filter.OncePerRequestFilter.doFilter(OncePerRequestFilter.java:117) ~[spring-web-5.3.31.jar!/:5.3.31]
	at org.apache.catalina.core.ApplicationFilterChain.internalDoFilter(ApplicationFilterChain.java:178) ~[tomcat-embed-core-9.0.83.jar!/:na]
	at org.apache.catalina.core.ApplicationFilterChain.doFilter(ApplicationFilterChain.java:153) ~[tomcat-embed-core-9.0.83.jar!/:na]
	at org.apache.catalina.core.StandardWrapperValve.invoke(StandardWrapperValve.java:168) ~[tomcat-embed-core-9.0.83.jar!/:na]
	at org.apache.catalina.core.StandardContextValve.invoke(StandardContextValve.java:90) ~[tomcat-embed-core-9.0.83.jar!/:na]
	at org.apache.catalina.authenticator.AuthenticatorBase.invoke(AuthenticatorBase.java:481) ~[tomcat-embed-core-9.0.83.jar!/:na]
	at org.apache.catalina.core.StandardHostValve.invoke(StandardHostValve.java:130) ~[tomcat-embed-core-9.0.83.jar!/:na]
	at org.apache.catalina.valves.ErrorReportValve.invoke(ErrorReportValve.java:93) ~[tomcat-embed-core-9.0.83.jar!/:na]
	at org.apache.catalina.core.StandardEngineValve.invoke(StandardEngineValve.java:74) ~[tomcat-embed-core-9.0.83.jar!/:na]
	at org.apache.catalina.connector.CoyoteAdapter.service(CoyoteAdapter.java:342) ~[tomcat-embed-core-9.0.83.jar!/:na]
	at org.apache.coyote.http11.Http11Processor.service(Http11Processor.java:390) ~[tomcat-embed-core-9.0.83.jar!/:na]
	at org.apache.coyote.AbstractProcessorLight.process(AbstractProcessorLight.java:63) ~[tomcat-embed-core-9.0.83.jar!/:na]
	at org.apache.coyote.AbstractProtocol$ConnectionHandler.process(AbstractProtocol.java:928) ~[tomcat-embed-core-9.0.83.jar!/:na]
	at org.apache.tomcat.util.net.NioEndpoint$SocketProcessor.doRun(NioEndpoint.java:1794) ~[tomcat-embed-core-9.0.83.jar!/:na]
	at org.apache.tomcat.util.net.SocketProcessorBase.run(SocketProcessorBase.java:52) ~[tomcat-embed-core-9.0.83.jar!/:na]
	at org.apache.tomcat.util.threads.ThreadPoolExecutor.runWorker(ThreadPoolExecutor.java:1191) ~[tomcat-embed-core-9.0.83.jar!/:na]
	at org.apache.tomcat.util.threads.ThreadPoolExecutor$Worker.run(ThreadPoolExecutor.java:659) ~[tomcat-embed-core-9.0.83.jar!/:na]
	at org.apache.tomcat.util.threads.TaskThread$WrappingRunnable.run(TaskThread.java:61) ~[tomcat-embed-core-9.0.83.jar!/:na]
	at java.base/java.lang.Thread.run(Thread.java:1570) ~[na:na]
Caused by: io.lettuce.core.RedisConnectionException: Unable to connect to 127.0.0.1/<unresolved>:6379
	at io.lettuce.core.RedisConnectionException.create(RedisConnectionException.java:78) ~[lettuce-core-6.1.10.RELEASE.jar!/:6.1.10.RELEASE]
	at io.lettuce.core.RedisConnectionException.create(RedisConnectionException.java:56) ~[lettuce-core-6.1.10.RELEASE.jar!/:6.1.10.RELEASE]
	at io.lettuce.core.AbstractRedisClient.getConnection(AbstractRedisClient.java:330) ~[lettuce-core-6.1.10.RELEASE.jar!/:6.1.10.RELEASE]
	at io.lettuce.core.RedisClient.connect(RedisClient.java:216) ~[lettuce-core-6.1.10.RELEASE.jar!/:6.1.10.RELEASE]
	at org.springframework.data.redis.connection.lettuce.StandaloneConnectionProvider.lambda$getConnection$1(StandaloneConnectionProvider.java:115) ~[spring-data-redis-2.7.18.jar!/:2.7.18]
	at java.base/java.util.Optional.orElseGet(Optional.java:364) ~[na:na]
	at org.springframework.data.redis.connection.lettuce.StandaloneConnectionProvider.getConnection(StandaloneConnectionProvider.java:115) ~[spring-data-redis-2.7.18.jar!/:2.7.18]
	at org.springframework.data.redis.connection.lettuce.LettuceConnectionFactory$ExceptionTranslatingConnectionProvider.getConnection(LettuceConnectionFactory.java:1595) ~[spring-data-redis-2.7.18.jar!/:2.7.18]
	... 99 common frames omitted
Caused by: io.netty.channel.AbstractChannel$AnnotatedConnectException: Connection refused: getsockopt: /127.0.0.1:6379
Caused by: java.net.ConnectException: Connection refused: getsockopt
	at java.base/sun.nio.ch.Net.pollConnect(Native Method) ~[na:na]
	at java.base/sun.nio.ch.Net.pollConnectNow(Net.java:682) ~[na:na]
	at java.base/sun.nio.ch.SocketChannelImpl.finishConnect(SocketChannelImpl.java:1060) ~[na:na]
	at io.netty.channel.socket.nio.NioSocketChannel.doFinishConnect(NioSocketChannel.java:337) ~[netty-transport-4.1.101.Final.jar!/:4.1.101.Final]
	at io.netty.channel.nio.AbstractNioChannel$AbstractNioUnsafe.finishConnect(AbstractNioChannel.java:334) ~[netty-transport-4.1.101.Final.jar!/:4.1.101.Final]
	at io.netty.channel.nio.NioEventLoop.processSelectedKey(NioEventLoop.java:776) ~[netty-transport-4.1.101.Final.jar!/:4.1.101.Final]
	at io.netty.channel.nio.NioEventLoop.processSelectedKeysOptimized(NioEventLoop.java:724) ~[netty-transport-4.1.101.Final.jar!/:4.1.101.Final]
	at io.netty.channel.nio.NioEventLoop.processSelectedKeys(NioEventLoop.java:650) ~[netty-transport-4.1.101.Final.jar!/:4.1.101.Final]
	at io.netty.channel.nio.NioEventLoop.run(NioEventLoop.java:562) ~[netty-transport-4.1.101.Final.jar!/:4.1.101.Final]
	at io.netty.util.concurrent.SingleThreadEventExecutor$4.run(SingleThreadEventExecutor.java:997) ~[netty-common-4.1.101.Final.jar!/:4.1.101.Final]
	at io.netty.util.internal.ThreadExecutorMap$2.run(ThreadExecutorMap.java:74) ~[netty-common-4.1.101.Final.jar!/:4.1.101.Final]
	at io.netty.util.concurrent.FastThreadLocalRunnable.run(FastThreadLocalRunnable.java:30) ~[netty-common-4.1.101.Final.jar!/:4.1.101.Final]
	at java.base/java.lang.Thread.run(Thread.java:1570) ~[na:na]

2026-04-23 05:32:42.926 DEBUG 12180 --- [nio-8081-exec-4] m.m.a.RequestResponseBodyMethodProcessor : Using 'application/json', given [application/json, text/plain, */*] and supported [application/json, application/*+json, application/json, application/*+json]
2026-04-23 05:32:42.927 DEBUG 12180 --- [nio-8081-exec-4] m.m.a.RequestResponseBodyMethodProcessor : Writing [Result(code=200, message=登录成功, data={roles=[ROLE_ADMIN], userId=1, token=eyJhbGciOiJIUzUxMiJ9.eyJzdW (truncated)...]
2026-04-23 05:32:42.930 DEBUG 12180 --- [nio-8081-exec-4] o.s.web.servlet.DispatcherServlet        : Completed 200 OK
2026-04-23 05:32:42.959 DEBUG 12180 --- [nio-8081-exec-7] o.s.web.servlet.DispatcherServlet        : GET "/api/user/current", parameters={}
2026-04-23 05:32:42.960 DEBUG 12180 --- [nio-8081-exec-7] s.w.s.m.m.a.RequestMappingHandlerMapping : Mapped to com.evbattery.modules.user.controller.UserController#current()
2026-04-23 05:32:42.992 DEBUG 12180 --- [nio-8081-exec-7] o.s.jdbc.core.JdbcTemplate               : Executing prepared SQL query
2026-04-23 05:32:42.993 DEBUG 12180 --- [nio-8081-exec-7] o.s.jdbc.core.JdbcTemplate               : Executing prepared SQL statement [select r.role_code from role r join user_role ur on r.id=ur.role_id where ur.user_id=?]
2026-04-23 05:32:42.995 DEBUG 12180 --- [nio-8081-exec-7] m.m.a.RequestResponseBodyMethodProcessor : Using 'application/json', given [application/json, text/plain, */*] and supported [application/json, application/*+json, application/json, application/*+json]
2026-04-23 05:32:42.996 DEBUG 12180 --- [nio-8081-exec-7] m.m.a.RequestResponseBodyMethodProcessor : Writing [Result(code=200, message=success, data={realName=平台管理员, roles=[ROLE_ADMIN], id=1, email=admin@ev.com (truncated)...]
2026-04-23 05:32:42.998 DEBUG 12180 --- [nio-8081-exec-7] o.s.web.servlet.DispatcherServlet        : Completed 200 OK
2026-04-23 05:32:43.695 DEBUG 12180 --- [nio-8081-exec-9] o.s.web.servlet.DispatcherServlet        : GET "/api/admin/dashboard", parameters={}
2026-04-23 05:32:43.695 DEBUG 12180 --- [nio-8081-exec-8] o.s.web.servlet.DispatcherServlet        : GET "/api/message/unread-count", parameters={}
2026-04-23 05:32:43.696 DEBUG 12180 --- [nio-8081-exec-9] s.w.s.m.m.a.RequestMappingHandlerMapping : Mapped to com.evbattery.modules.admin.controller.AdminController#dashboard()
2026-04-23 05:32:43.696 DEBUG 12180 --- [nio-8081-exec-8] s.w.s.m.m.a.RequestMappingHandlerMapping : Mapped to com.evbattery.modules.message.controller.MessageController#unreadCount()
2026-04-23 05:32:43.699 DEBUG 12180 --- [nio-8081-exec-8] o.s.jdbc.core.JdbcTemplate               : Executing prepared SQL query
2026-04-23 05:32:43.699 DEBUG 12180 --- [nio-8081-exec-8] o.s.jdbc.core.JdbcTemplate               : Executing prepared SQL statement [select count(1) from app_message where user_id = ? and read_flag = 0]
2026-04-23 05:32:43.705 DEBUG 12180 --- [nio-8081-exec-8] m.m.a.RequestResponseBodyMethodProcessor : Using 'application/json', given [application/json, text/plain, */*] and supported [application/json, application/*+json, application/json, application/*+json]
2026-04-23 05:32:43.706 DEBUG 12180 --- [nio-8081-exec-8] m.m.a.RequestResponseBodyMethodProcessor : Writing [Result(code=200, message=success, data={unreadCount=0})]
2026-04-23 05:32:43.708 DEBUG 12180 --- [nio-8081-exec-8] o.s.web.servlet.DispatcherServlet        : Completed 200 OK
2026-04-23 05:32:43.717 DEBUG 12180 --- [nio-8081-exec-9] o.s.jdbc.core.JdbcTemplate               : Executing prepared SQL query
2026-04-23 05:32:43.717 DEBUG 12180 --- [nio-8081-exec-9] o.s.jdbc.core.JdbcTemplate               : Executing prepared SQL statement [select count(1) from user_role ur join role r on ur.role_id=r.id where ur.user_id=? and r.role_code='ROLE_ADMIN']
2026-04-23 05:32:43.721 DEBUG 12180 --- [nio-8081-exec-9] o.s.jdbc.core.JdbcTemplate               : Executing SQL query [select count(1) from `user`]
2026-04-23 05:32:43.725 DEBUG 12180 --- [nio-8081-exec-9] o.s.jdbc.core.JdbcTemplate               : Executing SQL query [select count(1) from product where deleted_flag = 0]
2026-04-23 05:32:43.727 DEBUG 12180 --- [nio-8081-exec-9] o.s.jdbc.core.JdbcTemplate               : Executing SQL query [select count(1) from `order`]
2026-04-23 05:32:43.732 DEBUG 12180 --- [nio-8081-exec-9] o.s.jdbc.core.JdbcTemplate               : Executing SQL query [select ifnull(sum(amount), 0) from `order` where created_at >= date_sub(now(), interval 30 day)]
2026-04-23 05:32:43.735 DEBUG 12180 --- [nio-8081-exec-9] o.s.jdbc.core.JdbcTemplate               : Executing prepared SQL query
2026-04-23 05:32:43.736 DEBUG 12180 --- [nio-8081-exec-9] o.s.jdbc.core.JdbcTemplate               : Executing prepared SQL statement [select ifnull(sum(amount), 0) from `order` where date(created_at)=?]
2026-04-23 05:32:43.739 DEBUG 12180 --- [nio-8081-exec-9] o.s.jdbc.core.JdbcTemplate               : Executing prepared SQL query
2026-04-23 05:32:43.740 DEBUG 12180 --- [nio-8081-exec-9] o.s.jdbc.core.JdbcTemplate               : Executing prepared SQL statement [select count(1) from `order` where date(created_at)=?]
2026-04-23 05:32:43.742 DEBUG 12180 --- [nio-8081-exec-9] o.s.jdbc.core.JdbcTemplate               : Executing prepared SQL query
2026-04-23 05:32:43.743 DEBUG 12180 --- [nio-8081-exec-9] o.s.jdbc.core.JdbcTemplate               : Executing prepared SQL statement [select ifnull(sum(amount), 0) from `order` where date(created_at)=?]
2026-04-23 05:32:43.745 DEBUG 12180 --- [nio-8081-exec-9] o.s.jdbc.core.JdbcTemplate               : Executing prepared SQL query
2026-04-23 05:32:43.746 DEBUG 12180 --- [nio-8081-exec-9] o.s.jdbc.core.JdbcTemplate               : Executing prepared SQL statement [select count(1) from `order` where date(created_at)=?]
2026-04-23 05:32:43.749 DEBUG 12180 --- [nio-8081-exec-9] o.s.jdbc.core.JdbcTemplate               : Executing prepared SQL query
2026-04-23 05:32:43.749 DEBUG 12180 --- [nio-8081-exec-9] o.s.jdbc.core.JdbcTemplate               : Executing prepared SQL statement [select ifnull(sum(amount), 0) from `order` where date(created_at)=?]
2026-04-23 05:32:43.752 DEBUG 12180 --- [nio-8081-exec-9] o.s.jdbc.core.JdbcTemplate               : Executing prepared SQL query
2026-04-23 05:32:43.752 DEBUG 12180 --- [nio-8081-exec-9] o.s.jdbc.core.JdbcTemplate               : Executing prepared SQL statement [select count(1) from `order` where date(created_at)=?]
2026-04-23 05:32:43.754 DEBUG 12180 --- [nio-8081-exec-9] o.s.jdbc.core.JdbcTemplate               : Executing prepared SQL query
2026-04-23 05:32:43.754 DEBUG 12180 --- [nio-8081-exec-9] o.s.jdbc.core.JdbcTemplate               : Executing prepared SQL statement [select ifnull(sum(amount), 0) from `order` where date(created_at)=?]
2026-04-23 05:32:43.756 DEBUG 12180 --- [nio-8081-exec-9] o.s.jdbc.core.JdbcTemplate               : Executing prepared SQL query
2026-04-23 05:32:43.756 DEBUG 12180 --- [nio-8081-exec-9] o.s.jdbc.core.JdbcTemplate               : Executing prepared SQL statement [select count(1) from `order` where date(created_at)=?]
2026-04-23 05:32:43.758 DEBUG 12180 --- [nio-8081-exec-9] o.s.jdbc.core.JdbcTemplate               : Executing prepared SQL query
2026-04-23 05:32:43.759 DEBUG 12180 --- [nio-8081-exec-9] o.s.jdbc.core.JdbcTemplate               : Executing prepared SQL statement [select ifnull(sum(amount), 0) from `order` where date(created_at)=?]
2026-04-23 05:32:43.760 DEBUG 12180 --- [nio-8081-exec-9] o.s.jdbc.core.JdbcTemplate               : Executing prepared SQL query
2026-04-23 05:32:43.761 DEBUG 12180 --- [nio-8081-exec-9] o.s.jdbc.core.JdbcTemplate               : Executing prepared SQL statement [select count(1) from `order` where date(created_at)=?]
2026-04-23 05:32:43.763 DEBUG 12180 --- [nio-8081-exec-9] o.s.jdbc.core.JdbcTemplate               : Executing prepared SQL query
2026-04-23 05:32:43.764 DEBUG 12180 --- [nio-8081-exec-9] o.s.jdbc.core.JdbcTemplate               : Executing prepared SQL statement [select ifnull(sum(amount), 0) from `order` where date(created_at)=?]
2026-04-23 05:32:43.767 DEBUG 12180 --- [nio-8081-exec-9] o.s.jdbc.core.JdbcTemplate               : Executing prepared SQL query
2026-04-23 05:32:43.768 DEBUG 12180 --- [nio-8081-exec-9] o.s.jdbc.core.JdbcTemplate               : Executing prepared SQL statement [select count(1) from `order` where date(created_at)=?]
2026-04-23 05:32:43.769 DEBUG 12180 --- [nio-8081-exec-9] o.s.jdbc.core.JdbcTemplate               : Executing prepared SQL query
2026-04-23 05:32:43.770 DEBUG 12180 --- [nio-8081-exec-9] o.s.jdbc.core.JdbcTemplate               : Executing prepared SQL statement [select ifnull(sum(amount), 0) from `order` where date(created_at)=?]
2026-04-23 05:32:43.772 DEBUG 12180 --- [nio-8081-exec-9] o.s.jdbc.core.JdbcTemplate               : Executing prepared SQL query
2026-04-23 05:32:43.772 DEBUG 12180 --- [nio-8081-exec-9] o.s.jdbc.core.JdbcTemplate               : Executing prepared SQL statement [select count(1) from `order` where date(created_at)=?]
2026-04-23 05:32:43.774 DEBUG 12180 --- [nio-8081-exec-9] o.s.jdbc.core.JdbcTemplate               : Executing prepared SQL query
2026-04-23 05:32:43.776 DEBUG 12180 --- [nio-8081-exec-9] o.s.jdbc.core.JdbcTemplate               : Executing prepared SQL statement [select ifnull(sum(amount), 0) from `order` where date(created_at)=?]
2026-04-23 05:32:43.777 DEBUG 12180 --- [nio-8081-exec-9] o.s.jdbc.core.JdbcTemplate               : Executing prepared SQL query
2026-04-23 05:32:43.777 DEBUG 12180 --- [nio-8081-exec-9] o.s.jdbc.core.JdbcTemplate               : Executing prepared SQL statement [select count(1) from `order` where date(created_at)=?]
2026-04-23 05:32:43.779 DEBUG 12180 --- [nio-8081-exec-9] o.s.jdbc.core.JdbcTemplate               : Executing prepared SQL query
2026-04-23 05:32:43.780 DEBUG 12180 --- [nio-8081-exec-9] o.s.jdbc.core.JdbcTemplate               : Executing prepared SQL statement [select ifnull(sum(amount), 0) from `order` where date(created_at)=?]
2026-04-23 05:32:43.783 DEBUG 12180 --- [nio-8081-exec-9] o.s.jdbc.core.JdbcTemplate               : Executing prepared SQL query
2026-04-23 05:32:43.785 DEBUG 12180 --- [nio-8081-exec-9] o.s.jdbc.core.JdbcTemplate               : Executing prepared SQL statement [select count(1) from `order` where date(created_at)=?]
2026-04-23 05:32:43.788 DEBUG 12180 --- [nio-8081-exec-9] o.s.jdbc.core.JdbcTemplate               : Executing prepared SQL query
2026-04-23 05:32:43.789 DEBUG 12180 --- [nio-8081-exec-9] o.s.jdbc.core.JdbcTemplate               : Executing prepared SQL statement [select ifnull(sum(amount), 0) from `order` where date(created_at)=?]
2026-04-23 05:32:43.791 DEBUG 12180 --- [nio-8081-exec-9] o.s.jdbc.core.JdbcTemplate               : Executing prepared SQL query
2026-04-23 05:32:43.791 DEBUG 12180 --- [nio-8081-exec-9] o.s.jdbc.core.JdbcTemplate               : Executing prepared SQL statement [select count(1) from `order` where date(created_at)=?]
2026-04-23 05:32:43.794 DEBUG 12180 --- [nio-8081-exec-9] o.s.jdbc.core.JdbcTemplate               : Executing prepared SQL query
2026-04-23 05:32:43.795 DEBUG 12180 --- [nio-8081-exec-9] o.s.jdbc.core.JdbcTemplate               : Executing prepared SQL statement [select ifnull(sum(amount), 0) from `order` where date(created_at)=?]
2026-04-23 05:32:43.798 DEBUG 12180 --- [nio-8081-exec-9] o.s.jdbc.core.JdbcTemplate               : Executing prepared SQL query
2026-04-23 05:32:43.799 DEBUG 12180 --- [nio-8081-exec-9] o.s.jdbc.core.JdbcTemplate               : Executing prepared SQL statement [select count(1) from `order` where date(created_at)=?]
2026-04-23 05:32:43.801 DEBUG 12180 --- [nio-8081-exec-9] o.s.jdbc.core.JdbcTemplate               : Executing prepared SQL query
2026-04-23 05:32:43.801 DEBUG 12180 --- [nio-8081-exec-9] o.s.jdbc.core.JdbcTemplate               : Executing prepared SQL statement [select ifnull(sum(amount), 0) from `order` where date(created_at)=?]
2026-04-23 05:32:43.804 DEBUG 12180 --- [nio-8081-exec-9] o.s.jdbc.core.JdbcTemplate               : Executing prepared SQL query
2026-04-23 05:32:43.804 DEBUG 12180 --- [nio-8081-exec-9] o.s.jdbc.core.JdbcTemplate               : Executing prepared SQL statement [select count(1) from `order` where date(created_at)=?]
2026-04-23 05:32:43.807 DEBUG 12180 --- [nio-8081-exec-9] o.s.jdbc.core.JdbcTemplate               : Executing prepared SQL query
2026-04-23 05:32:43.807 DEBUG 12180 --- [nio-8081-exec-9] o.s.jdbc.core.JdbcTemplate               : Executing prepared SQL statement [select ifnull(sum(amount), 0) from `order` where date(created_at)=?]
2026-04-23 05:32:43.809 DEBUG 12180 --- [nio-8081-exec-9] o.s.jdbc.core.JdbcTemplate               : Executing prepared SQL query
2026-04-23 05:32:43.810 DEBUG 12180 --- [nio-8081-exec-9] o.s.jdbc.core.JdbcTemplate               : Executing prepared SQL statement [select count(1) from `order` where date(created_at)=?]
2026-04-23 05:32:43.812 DEBUG 12180 --- [nio-8081-exec-9] o.s.jdbc.core.JdbcTemplate               : Executing prepared SQL query
2026-04-23 05:32:43.813 DEBUG 12180 --- [nio-8081-exec-9] o.s.jdbc.core.JdbcTemplate               : Executing prepared SQL statement [select ifnull(sum(amount), 0) from `order` where date(created_at)=?]
2026-04-23 05:32:43.816 DEBUG 12180 --- [nio-8081-exec-9] o.s.jdbc.core.JdbcTemplate               : Executing prepared SQL query
2026-04-23 05:32:43.817 DEBUG 12180 --- [nio-8081-exec-9] o.s.jdbc.core.JdbcTemplate               : Executing prepared SQL statement [select count(1) from `order` where date(created_at)=?]
2026-04-23 05:32:43.820 DEBUG 12180 --- [nio-8081-exec-9] o.s.jdbc.core.JdbcTemplate               : Executing prepared SQL query
2026-04-23 05:32:43.821 DEBUG 12180 --- [nio-8081-exec-9] o.s.jdbc.core.JdbcTemplate               : Executing prepared SQL statement [select ifnull(sum(amount), 0) from `order` where date(created_at)=?]
2026-04-23 05:32:43.825 DEBUG 12180 --- [nio-8081-exec-9] o.s.jdbc.core.JdbcTemplate               : Executing prepared SQL query
2026-04-23 05:32:43.825 DEBUG 12180 --- [nio-8081-exec-9] o.s.jdbc.core.JdbcTemplate               : Executing prepared SQL statement [select count(1) from `order` where date(created_at)=?]
2026-04-23 05:32:43.829 DEBUG 12180 --- [nio-8081-exec-9] o.s.jdbc.core.JdbcTemplate               : Executing prepared SQL query
2026-04-23 05:32:43.830 DEBUG 12180 --- [nio-8081-exec-9] o.s.jdbc.core.JdbcTemplate               : Executing prepared SQL statement [select ifnull(sum(amount), 0) from `order` where date(created_at)=?]
2026-04-23 05:32:43.831 DEBUG 12180 --- [nio-8081-exec-9] o.s.jdbc.core.JdbcTemplate               : Executing prepared SQL query
2026-04-23 05:32:43.831 DEBUG 12180 --- [nio-8081-exec-9] o.s.jdbc.core.JdbcTemplate               : Executing prepared SQL statement [select count(1) from `order` where date(created_at)=?]
2026-04-23 05:32:43.832 DEBUG 12180 --- [nio-8081-exec-9] o.s.jdbc.core.JdbcTemplate               : Executing prepared SQL query
2026-04-23 05:32:43.833 DEBUG 12180 --- [nio-8081-exec-9] o.s.jdbc.core.JdbcTemplate               : Executing prepared SQL statement [select ifnull(sum(amount), 0) from `order` where date(created_at)=?]
2026-04-23 05:32:43.835 DEBUG 12180 --- [nio-8081-exec-9] o.s.jdbc.core.JdbcTemplate               : Executing prepared SQL query
2026-04-23 05:32:43.835 DEBUG 12180 --- [nio-8081-exec-9] o.s.jdbc.core.JdbcTemplate               : Executing prepared SQL statement [select count(1) from `order` where date(created_at)=?]
2026-04-23 05:32:43.836 DEBUG 12180 --- [nio-8081-exec-9] o.s.jdbc.core.JdbcTemplate               : Executing prepared SQL query
2026-04-23 05:32:43.838 DEBUG 12180 --- [nio-8081-exec-9] o.s.jdbc.core.JdbcTemplate               : Executing prepared SQL statement [select ifnull(sum(amount), 0) from `order` where date(created_at)=?]
2026-04-23 05:32:43.840 DEBUG 12180 --- [nio-8081-exec-9] o.s.jdbc.core.JdbcTemplate               : Executing prepared SQL query
2026-04-23 05:32:43.840 DEBUG 12180 --- [nio-8081-exec-9] o.s.jdbc.core.JdbcTemplate               : Executing prepared SQL statement [select count(1) from `order` where date(created_at)=?]
2026-04-23 05:32:43.843 DEBUG 12180 --- [nio-8081-exec-9] o.s.jdbc.core.JdbcTemplate               : Executing prepared SQL query
2026-04-23 05:32:43.843 DEBUG 12180 --- [nio-8081-exec-9] o.s.jdbc.core.JdbcTemplate               : Executing prepared SQL statement [select ifnull(sum(amount), 0) from `order` where date(created_at)=?]
2026-04-23 05:32:43.845 DEBUG 12180 --- [nio-8081-exec-9] o.s.jdbc.core.JdbcTemplate               : Executing prepared SQL query
2026-04-23 05:32:43.846 DEBUG 12180 --- [nio-8081-exec-9] o.s.jdbc.core.JdbcTemplate               : Executing prepared SQL statement [select count(1) from `order` where date(created_at)=?]
2026-04-23 05:32:43.847 DEBUG 12180 --- [nio-8081-exec-9] o.s.jdbc.core.JdbcTemplate               : Executing prepared SQL query
2026-04-23 05:32:43.849 DEBUG 12180 --- [nio-8081-exec-9] o.s.jdbc.core.JdbcTemplate               : Executing prepared SQL statement [select ifnull(sum(amount), 0) from `order` where date(created_at)=?]
2026-04-23 05:32:43.851 DEBUG 12180 --- [nio-8081-exec-9] o.s.jdbc.core.JdbcTemplate               : Executing prepared SQL query
2026-04-23 05:32:43.851 DEBUG 12180 --- [nio-8081-exec-9] o.s.jdbc.core.JdbcTemplate               : Executing prepared SQL statement [select count(1) from `order` where date(created_at)=?]
2026-04-23 05:32:43.853 DEBUG 12180 --- [nio-8081-exec-9] o.s.jdbc.core.JdbcTemplate               : Executing prepared SQL query
2026-04-23 05:32:43.853 DEBUG 12180 --- [nio-8081-exec-9] o.s.jdbc.core.JdbcTemplate               : Executing prepared SQL statement [select ifnull(sum(amount), 0) from `order` where date(created_at)=?]
2026-04-23 05:32:43.855 DEBUG 12180 --- [nio-8081-exec-9] o.s.jdbc.core.JdbcTemplate               : Executing prepared SQL query
2026-04-23 05:32:43.856 DEBUG 12180 --- [nio-8081-exec-9] o.s.jdbc.core.JdbcTemplate               : Executing prepared SQL statement [select count(1) from `order` where date(created_at)=?]
2026-04-23 05:32:43.858 DEBUG 12180 --- [nio-8081-exec-9] o.s.jdbc.core.JdbcTemplate               : Executing prepared SQL query
2026-04-23 05:32:43.858 DEBUG 12180 --- [nio-8081-exec-9] o.s.jdbc.core.JdbcTemplate               : Executing prepared SQL statement [select ifnull(sum(amount), 0) from `order` where date(created_at)=?]
2026-04-23 05:32:43.860 DEBUG 12180 --- [nio-8081-exec-9] o.s.jdbc.core.JdbcTemplate               : Executing prepared SQL query
2026-04-23 05:32:43.861 DEBUG 12180 --- [nio-8081-exec-9] o.s.jdbc.core.JdbcTemplate               : Executing prepared SQL statement [select count(1) from `order` where date(created_at)=?]
2026-04-23 05:32:43.863 DEBUG 12180 --- [nio-8081-exec-9] o.s.jdbc.core.JdbcTemplate               : Executing prepared SQL query
2026-04-23 05:32:43.863 DEBUG 12180 --- [nio-8081-exec-9] o.s.jdbc.core.JdbcTemplate               : Executing prepared SQL statement [select ifnull(sum(amount), 0) from `order` where date(created_at)=?]
2026-04-23 05:32:43.866 DEBUG 12180 --- [nio-8081-exec-9] o.s.jdbc.core.JdbcTemplate               : Executing prepared SQL query
2026-04-23 05:32:43.866 DEBUG 12180 --- [nio-8081-exec-9] o.s.jdbc.core.JdbcTemplate               : Executing prepared SQL statement [select count(1) from `order` where date(created_at)=?]
2026-04-23 05:32:43.868 DEBUG 12180 --- [nio-8081-exec-9] o.s.jdbc.core.JdbcTemplate               : Executing prepared SQL query
2026-04-23 05:32:43.868 DEBUG 12180 --- [nio-8081-exec-9] o.s.jdbc.core.JdbcTemplate               : Executing prepared SQL statement [select ifnull(sum(amount), 0) from `order` where date(created_at)=?]
2026-04-23 05:32:43.870 DEBUG 12180 --- [nio-8081-exec-9] o.s.jdbc.core.JdbcTemplate               : Executing prepared SQL query
2026-04-23 05:32:43.870 DEBUG 12180 --- [nio-8081-exec-9] o.s.jdbc.core.JdbcTemplate               : Executing prepared SQL statement [select count(1) from `order` where date(created_at)=?]
2026-04-23 05:32:43.872 DEBUG 12180 --- [nio-8081-exec-9] o.s.jdbc.core.JdbcTemplate               : Executing prepared SQL query
2026-04-23 05:32:43.873 DEBUG 12180 --- [nio-8081-exec-9] o.s.jdbc.core.JdbcTemplate               : Executing prepared SQL statement [select ifnull(sum(amount), 0) from `order` where date(created_at)=?]
2026-04-23 05:32:43.875 DEBUG 12180 --- [nio-8081-exec-9] o.s.jdbc.core.JdbcTemplate               : Executing prepared SQL query
2026-04-23 05:32:43.875 DEBUG 12180 --- [nio-8081-exec-9] o.s.jdbc.core.JdbcTemplate               : Executing prepared SQL statement [select count(1) from `order` where date(created_at)=?]
2026-04-23 05:32:43.877 DEBUG 12180 --- [nio-8081-exec-9] o.s.jdbc.core.JdbcTemplate               : Executing prepared SQL query
2026-04-23 05:32:43.877 DEBUG 12180 --- [nio-8081-exec-9] o.s.jdbc.core.JdbcTemplate               : Executing prepared SQL statement [select ifnull(sum(amount), 0) from `order` where date(created_at)=?]
2026-04-23 05:32:43.879 DEBUG 12180 --- [nio-8081-exec-9] o.s.jdbc.core.JdbcTemplate               : Executing prepared SQL query
2026-04-23 05:32:43.880 DEBUG 12180 --- [nio-8081-exec-9] o.s.jdbc.core.JdbcTemplate               : Executing prepared SQL statement [select count(1) from `order` where date(created_at)=?]
2026-04-23 05:32:43.882 DEBUG 12180 --- [nio-8081-exec-9] o.s.jdbc.core.JdbcTemplate               : Executing prepared SQL query
2026-04-23 05:32:43.882 DEBUG 12180 --- [nio-8081-exec-9] o.s.jdbc.core.JdbcTemplate               : Executing prepared SQL statement [select ifnull(sum(amount), 0) from `order` where date(created_at)=?]
2026-04-23 05:32:43.885 DEBUG 12180 --- [nio-8081-exec-9] o.s.jdbc.core.JdbcTemplate               : Executing prepared SQL query
2026-04-23 05:32:43.887 DEBUG 12180 --- [nio-8081-exec-9] o.s.jdbc.core.JdbcTemplate               : Executing prepared SQL statement [select count(1) from `order` where date(created_at)=?]
2026-04-23 05:32:43.890 DEBUG 12180 --- [nio-8081-exec-9] o.s.jdbc.core.JdbcTemplate               : Executing prepared SQL query
2026-04-23 05:32:43.890 DEBUG 12180 --- [nio-8081-exec-9] o.s.jdbc.core.JdbcTemplate               : Executing prepared SQL statement [select ifnull(sum(amount), 0) from `order` where date(created_at)=?]
2026-04-23 05:32:43.892 DEBUG 12180 --- [nio-8081-exec-9] o.s.jdbc.core.JdbcTemplate               : Executing prepared SQL query
2026-04-23 05:32:43.892 DEBUG 12180 --- [nio-8081-exec-9] o.s.jdbc.core.JdbcTemplate               : Executing prepared SQL statement [select count(1) from `order` where date(created_at)=?]
2026-04-23 05:32:43.894 DEBUG 12180 --- [nio-8081-exec-9] o.s.jdbc.core.JdbcTemplate               : Executing prepared SQL query
2026-04-23 05:32:43.895 DEBUG 12180 --- [nio-8081-exec-9] o.s.jdbc.core.JdbcTemplate               : Executing prepared SQL statement [select ifnull(sum(amount), 0) from `order` where date(created_at)=?]
2026-04-23 05:32:43.897 DEBUG 12180 --- [nio-8081-exec-9] o.s.jdbc.core.JdbcTemplate               : Executing prepared SQL query
2026-04-23 05:32:43.898 DEBUG 12180 --- [nio-8081-exec-9] o.s.jdbc.core.JdbcTemplate               : Executing prepared SQL statement [select count(1) from `order` where date(created_at)=?]
2026-04-23 05:32:43.901 DEBUG 12180 --- [nio-8081-exec-9] o.s.jdbc.core.JdbcTemplate               : Executing prepared SQL query
2026-04-23 05:32:43.901 DEBUG 12180 --- [nio-8081-exec-9] o.s.jdbc.core.JdbcTemplate               : Executing prepared SQL statement [select ifnull(sum(amount), 0) from `order` where date(created_at)=?]
2026-04-23 05:32:43.904 DEBUG 12180 --- [nio-8081-exec-9] o.s.jdbc.core.JdbcTemplate               : Executing prepared SQL query
2026-04-23 05:32:43.904 DEBUG 12180 --- [nio-8081-exec-9] o.s.jdbc.core.JdbcTemplate               : Executing prepared SQL statement [select count(1) from `order` where date(created_at)=?]
2026-04-23 05:32:43.907 DEBUG 12180 --- [nio-8081-exec-9] o.s.jdbc.core.JdbcTemplate               : Executing prepared SQL query
2026-04-23 05:32:43.907 DEBUG 12180 --- [nio-8081-exec-9] o.s.jdbc.core.JdbcTemplate               : Executing prepared SQL statement [select ifnull(sum(amount), 0) from `order` where date(created_at)=?]
2026-04-23 05:32:43.910 DEBUG 12180 --- [nio-8081-exec-9] o.s.jdbc.core.JdbcTemplate               : Executing prepared SQL query
2026-04-23 05:32:43.910 DEBUG 12180 --- [nio-8081-exec-9] o.s.jdbc.core.JdbcTemplate               : Executing prepared SQL statement [select count(1) from `order` where date(created_at)=?]
2026-04-23 05:32:43.913 DEBUG 12180 --- [nio-8081-exec-9] o.s.jdbc.core.JdbcTemplate               : Executing prepared SQL query
2026-04-23 05:32:43.913 DEBUG 12180 --- [nio-8081-exec-9] o.s.jdbc.core.JdbcTemplate               : Executing prepared SQL statement [select ifnull(sum(amount), 0) from `order` where date(created_at)=?]
2026-04-23 05:32:43.916 DEBUG 12180 --- [nio-8081-exec-9] o.s.jdbc.core.JdbcTemplate               : Executing prepared SQL query
2026-04-23 05:32:43.917 DEBUG 12180 --- [nio-8081-exec-9] o.s.jdbc.core.JdbcTemplate               : Executing prepared SQL statement [select count(1) from `order` where date(created_at)=?]
2026-04-23 05:32:43.919 DEBUG 12180 --- [nio-8081-exec-9] o.s.jdbc.core.JdbcTemplate               : Executing prepared SQL query
2026-04-23 05:32:43.919 DEBUG 12180 --- [nio-8081-exec-9] o.s.jdbc.core.JdbcTemplate               : Executing prepared SQL statement [select ifnull(sum(amount), 0) from `order` where date(created_at)=?]
2026-04-23 05:32:43.921 DEBUG 12180 --- [nio-8081-exec-9] o.s.jdbc.core.JdbcTemplate               : Executing prepared SQL query
2026-04-23 05:32:43.922 DEBUG 12180 --- [nio-8081-exec-9] o.s.jdbc.core.JdbcTemplate               : Executing prepared SQL statement [select count(1) from `order` where date(created_at)=?]
2026-04-23 05:32:43.924 DEBUG 12180 --- [nio-8081-exec-9] o.s.jdbc.core.JdbcTemplate               : Executing prepared SQL query
2026-04-23 05:32:43.924 DEBUG 12180 --- [nio-8081-exec-9] o.s.jdbc.core.JdbcTemplate               : Executing prepared SQL statement [select ifnull(sum(amount), 0) from `order` where date(created_at)=?]
2026-04-23 05:32:43.926 DEBUG 12180 --- [nio-8081-exec-9] o.s.jdbc.core.JdbcTemplate               : Executing prepared SQL query
2026-04-23 05:32:43.926 DEBUG 12180 --- [nio-8081-exec-9] o.s.jdbc.core.JdbcTemplate               : Executing prepared SQL statement [select count(1) from `order` where date(created_at)=?]
2026-04-23 05:32:43.928 DEBUG 12180 --- [nio-8081-exec-9] o.s.jdbc.core.JdbcTemplate               : Executing prepared SQL query
2026-04-23 05:32:43.929 DEBUG 12180 --- [nio-8081-exec-9] o.s.jdbc.core.JdbcTemplate               : Executing prepared SQL statement [select ifnull(sum(amount), 0) from `order` where date(created_at)=?]
2026-04-23 05:32:43.930 DEBUG 12180 --- [nio-8081-exec-9] o.s.jdbc.core.JdbcTemplate               : Executing prepared SQL query
2026-04-23 05:32:43.930 DEBUG 12180 --- [nio-8081-exec-9] o.s.jdbc.core.JdbcTemplate               : Executing prepared SQL statement [select count(1) from `order` where date(created_at)=?]
2026-04-23 05:32:43.932 DEBUG 12180 --- [nio-8081-exec-9] o.s.jdbc.core.JdbcTemplate               : Executing prepared SQL query
2026-04-23 05:32:43.933 DEBUG 12180 --- [nio-8081-exec-9] o.s.jdbc.core.JdbcTemplate               : Executing prepared SQL statement [select ifnull(sum(amount), 0) from `order` where date(created_at)=?]
2026-04-23 05:32:43.934 DEBUG 12180 --- [nio-8081-exec-9] o.s.jdbc.core.JdbcTemplate               : Executing prepared SQL query
2026-04-23 05:32:43.934 DEBUG 12180 --- [nio-8081-exec-9] o.s.jdbc.core.JdbcTemplate               : Executing prepared SQL statement [select count(1) from `order` where date(created_at)=?]
2026-04-23 05:32:43.935 DEBUG 12180 --- [nio-8081-exec-9] o.s.jdbc.core.JdbcTemplate               : Executing prepared SQL query
2026-04-23 05:32:43.936 DEBUG 12180 --- [nio-8081-exec-9] o.s.jdbc.core.JdbcTemplate               : Executing prepared SQL statement [select ifnull(sum(amount), 0) from `order` where date(created_at)=?]
2026-04-23 05:32:43.937 DEBUG 12180 --- [nio-8081-exec-9] o.s.jdbc.core.JdbcTemplate               : Executing prepared SQL query
2026-04-23 05:32:43.938 DEBUG 12180 --- [nio-8081-exec-9] o.s.jdbc.core.JdbcTemplate               : Executing prepared SQL statement [select count(1) from `order` where date(created_at)=?]
2026-04-23 05:32:43.940 DEBUG 12180 --- [nio-8081-exec-9] o.s.jdbc.core.JdbcTemplate               : Executing SQL query [select ifnull(health_level, 'UNKNOWN') as name, count(1) as value from health_assessment group by health_level order by value desc]
2026-04-23 05:32:43.944 DEBUG 12180 --- [nio-8081-exec-9] o.s.jdbc.core.JdbcTemplate               : Executing SQL query [select ifnull(battery_type, 'UNKNOWN') as name, count(1) as value from product where deleted_flag = 0 group by battery_type order by value desc]
2026-04-23 05:32:43.946 DEBUG 12180 --- [nio-8081-exec-9] o.s.jdbc.core.JdbcTemplate               : Executing SQL query [select o.id, o.order_no as orderNo, o.amount, o.order_status as orderStatus, o.created_at as createdAt, p.title, up.nickname as buyerName from `order` o left join product p on o.product_id = p.id left join user_profile up on o.buyer_id = up.user_id order by o.id desc limit 8]
2026-04-23 05:32:43.949 DEBUG 12180 --- [nio-8081-exec-9] o.s.jdbc.core.JdbcTemplate               : Executing SQL query [select ifnull(province, '未知地区') as name, count(1) as value from user_address group by province order by value desc limit 10]
2026-04-23 05:32:43.952 DEBUG 12180 --- [nio-8081-exec-9] m.m.a.RequestResponseBodyMethodProcessor : Using 'application/json', given [application/json, text/plain, */*] and supported [application/json, application/*+json, application/json, application/*+json]
2026-04-23 05:32:43.953 DEBUG 12180 --- [nio-8081-exec-9] m.m.a.RequestResponseBodyMethodProcessor : Writing [Result(code=200, message=success, data={metrics={totalUsers=12, totalProducts=12, totalOrders=10, to (truncated)...]
2026-04-23 05:32:43.965 DEBUG 12180 --- [nio-8081-exec-9] o.s.web.servlet.DispatcherServlet        : Completed 200 OK
2026-04-23 05:32:50.559 DEBUG 12180 --- [io-8081-exec-10] o.s.web.servlet.DispatcherServlet        : POST "/api/user/login", parameters={}
2026-04-23 05:32:50.561 DEBUG 12180 --- [io-8081-exec-10] s.w.s.m.m.a.RequestMappingHandlerMapping : Mapped to com.evbattery.modules.user.controller.UserController#login(Map)
2026-04-23 05:32:50.562 DEBUG 12180 --- [io-8081-exec-10] m.m.a.RequestResponseBodyMethodProcessor : Read "application/json;charset=UTF-8" to [{username=testuser, password=123456}]
2026-04-23 05:32:50.673 DEBUG 12180 --- [io-8081-exec-10] o.s.jdbc.core.JdbcTemplate               : Executing prepared SQL query
2026-04-23 05:32:50.674 DEBUG 12180 --- [io-8081-exec-10] o.s.jdbc.core.JdbcTemplate               : Executing prepared SQL statement [select r.role_code from role r join user_role ur on r.id=ur.role_id where ur.user_id=?]
2026-04-23 05:32:50.689  WARN 12180 --- [io-8081-exec-10] c.e.m.user.controller.UserController     : Skip redis write for key auth:last-login:2

org.springframework.data.redis.RedisConnectionFailureException: Unable to connect to Redis; nested exception is io.lettuce.core.RedisConnectionException: Unable to connect to 127.0.0.1/<unresolved>:6379
	at org.springframework.data.redis.connection.lettuce.LettuceConnectionFactory$ExceptionTranslatingConnectionProvider.translateException(LettuceConnectionFactory.java:1689) ~[spring-data-redis-2.7.18.jar!/:2.7.18]
	at org.springframework.data.redis.connection.lettuce.LettuceConnectionFactory$ExceptionTranslatingConnectionProvider.getConnection(LettuceConnectionFactory.java:1597) ~[spring-data-redis-2.7.18.jar!/:2.7.18]
	at org.springframework.data.redis.connection.lettuce.LettuceConnectionFactory$SharedConnection.getNativeConnection(LettuceConnectionFactory.java:1383) ~[spring-data-redis-2.7.18.jar!/:2.7.18]
	at org.springframework.data.redis.connection.lettuce.LettuceConnectionFactory$SharedConnection.getConnection(LettuceConnectionFactory.java:1366) ~[spring-data-redis-2.7.18.jar!/:2.7.18]
	at org.springframework.data.redis.connection.lettuce.LettuceConnectionFactory.getSharedConnection(LettuceConnectionFactory.java:1093) ~[spring-data-redis-2.7.18.jar!/:2.7.18]
	at org.springframework.data.redis.connection.lettuce.LettuceConnectionFactory.getConnection(LettuceConnectionFactory.java:421) ~[spring-data-redis-2.7.18.jar!/:2.7.18]
	at org.springframework.data.redis.core.RedisConnectionUtils.fetchConnection(RedisConnectionUtils.java:193) ~[spring-data-redis-2.7.18.jar!/:2.7.18]
	at org.springframework.data.redis.core.RedisConnectionUtils.doGetConnection(RedisConnectionUtils.java:144) ~[spring-data-redis-2.7.18.jar!/:2.7.18]
	at org.springframework.data.redis.core.RedisConnectionUtils.getConnection(RedisConnectionUtils.java:105) ~[spring-data-redis-2.7.18.jar!/:2.7.18]
	at org.springframework.data.redis.core.RedisTemplate.execute(RedisTemplate.java:211) ~[spring-data-redis-2.7.18.jar!/:2.7.18]
	at org.springframework.data.redis.core.RedisTemplate.execute(RedisTemplate.java:191) ~[spring-data-redis-2.7.18.jar!/:2.7.18]
	at org.springframework.data.redis.core.AbstractOperations.execute(AbstractOperations.java:97) ~[spring-data-redis-2.7.18.jar!/:2.7.18]
	at org.springframework.data.redis.core.DefaultValueOperations.set(DefaultValueOperations.java:325) ~[spring-data-redis-2.7.18.jar!/:2.7.18]
	at com.evbattery.modules.user.controller.UserController.safeWriteRedis(UserController.java:154) ~[classes!/:1.0.0-SNAPSHOT]
	at com.evbattery.modules.user.controller.UserController.login(UserController.java:67) ~[classes!/:1.0.0-SNAPSHOT]
	at java.base/jdk.internal.reflect.DirectMethodHandleAccessor.invoke(DirectMethodHandleAccessor.java:103) ~[na:na]
	at java.base/java.lang.reflect.Method.invoke(Method.java:580) ~[na:na]
	at org.springframework.web.method.support.InvocableHandlerMethod.doInvoke(InvocableHandlerMethod.java:205) ~[spring-web-5.3.31.jar!/:5.3.31]
	at org.springframework.web.method.support.InvocableHandlerMethod.invokeForRequest(InvocableHandlerMethod.java:150) ~[spring-web-5.3.31.jar!/:5.3.31]
	at org.springframework.web.servlet.mvc.method.annotation.ServletInvocableHandlerMethod.invokeAndHandle(ServletInvocableHandlerMethod.java:117) ~[spring-webmvc-5.3.31.jar!/:5.3.31]
	at org.springframework.web.servlet.mvc.method.annotation.RequestMappingHandlerAdapter.invokeHandlerMethod(RequestMappingHandlerAdapter.java:895) ~[spring-webmvc-5.3.31.jar!/:5.3.31]
	at org.springframework.web.servlet.mvc.method.annotation.RequestMappingHandlerAdapter.handleInternal(RequestMappingHandlerAdapter.java:808) ~[spring-webmvc-5.3.31.jar!/:5.3.31]
	at org.springframework.web.servlet.mvc.method.AbstractHandlerMethodAdapter.handle(AbstractHandlerMethodAdapter.java:87) ~[spring-webmvc-5.3.31.jar!/:5.3.31]
	at org.springframework.web.servlet.DispatcherServlet.doDispatch(DispatcherServlet.java:1072) ~[spring-webmvc-5.3.31.jar!/:5.3.31]
	at org.springframework.web.servlet.DispatcherServlet.doService(DispatcherServlet.java:965) ~[spring-webmvc-5.3.31.jar!/:5.3.31]
	at org.springframework.web.servlet.FrameworkServlet.processRequest(FrameworkServlet.java:1006) ~[spring-webmvc-5.3.31.jar!/:5.3.31]
	at org.springframework.web.servlet.FrameworkServlet.doPost(FrameworkServlet.java:909) ~[spring-webmvc-5.3.31.jar!/:5.3.31]
	at javax.servlet.http.HttpServlet.service(HttpServlet.java:555) ~[tomcat-embed-core-9.0.83.jar!/:na]
	at org.springframework.web.servlet.FrameworkServlet.service(FrameworkServlet.java:883) ~[spring-webmvc-5.3.31.jar!/:5.3.31]
	at javax.servlet.http.HttpServlet.service(HttpServlet.java:623) ~[tomcat-embed-core-9.0.83.jar!/:na]
	at org.apache.catalina.core.ApplicationFilterChain.internalDoFilter(ApplicationFilterChain.java:209) ~[tomcat-embed-core-9.0.83.jar!/:na]
	at org.apache.catalina.core.ApplicationFilterChain.doFilter(ApplicationFilterChain.java:153) ~[tomcat-embed-core-9.0.83.jar!/:na]
	at org.apache.tomcat.websocket.server.WsFilter.doFilter(WsFilter.java:51) ~[tomcat-embed-websocket-9.0.83.jar!/:na]
	at org.apache.catalina.core.ApplicationFilterChain.internalDoFilter(ApplicationFilterChain.java:178) ~[tomcat-embed-core-9.0.83.jar!/:na]
	at org.apache.catalina.core.ApplicationFilterChain.doFilter(ApplicationFilterChain.java:153) ~[tomcat-embed-core-9.0.83.jar!/:na]
	at org.springframework.security.web.FilterChainProxy$VirtualFilterChain.doFilter(FilterChainProxy.java:337) ~[spring-security-web-5.7.11.jar!/:5.7.11]
	at org.springframework.security.web.access.intercept.FilterSecurityInterceptor.invoke(FilterSecurityInterceptor.java:115) ~[spring-security-web-5.7.11.jar!/:5.7.11]
	at org.springframework.security.web.access.intercept.FilterSecurityInterceptor.doFilter(FilterSecurityInterceptor.java:81) ~[spring-security-web-5.7.11.jar!/:5.7.11]
	at org.springframework.security.web.FilterChainProxy$VirtualFilterChain.doFilter(FilterChainProxy.java:346) ~[spring-security-web-5.7.11.jar!/:5.7.11]
	at org.springframework.security.web.access.ExceptionTranslationFilter.doFilter(ExceptionTranslationFilter.java:122) ~[spring-security-web-5.7.11.jar!/:5.7.11]
	at org.springframework.security.web.access.ExceptionTranslationFilter.doFilter(ExceptionTranslationFilter.java:116) ~[spring-security-web-5.7.11.jar!/:5.7.11]
	at org.springframework.security.web.FilterChainProxy$VirtualFilterChain.doFilter(FilterChainProxy.java:346) ~[spring-security-web-5.7.11.jar!/:5.7.11]
	at org.springframework.security.web.session.SessionManagementFilter.doFilter(SessionManagementFilter.java:126) ~[spring-security-web-5.7.11.jar!/:5.7.11]
	at org.springframework.security.web.session.SessionManagementFilter.doFilter(SessionManagementFilter.java:81) ~[spring-security-web-5.7.11.jar!/:5.7.11]
	at org.springframework.security.web.FilterChainProxy$VirtualFilterChain.doFilter(FilterChainProxy.java:346) ~[spring-security-web-5.7.11.jar!/:5.7.11]
	at org.springframework.security.web.authentication.AnonymousAuthenticationFilter.doFilter(AnonymousAuthenticationFilter.java:109) ~[spring-security-web-5.7.11.jar!/:5.7.11]
	at org.springframework.security.web.FilterChainProxy$VirtualFilterChain.doFilter(FilterChainProxy.java:346) ~[spring-security-web-5.7.11.jar!/:5.7.11]
	at org.springframework.security.web.servletapi.SecurityContextHolderAwareRequestFilter.doFilter(SecurityContextHolderAwareRequestFilter.java:149) ~[spring-security-web-5.7.11.jar!/:5.7.11]
	at org.springframework.security.web.FilterChainProxy$VirtualFilterChain.doFilter(FilterChainProxy.java:346) ~[spring-security-web-5.7.11.jar!/:5.7.11]
	at org.springframework.security.web.savedrequest.RequestCacheAwareFilter.doFilter(RequestCacheAwareFilter.java:63) ~[spring-security-web-5.7.11.jar!/:5.7.11]
	at org.springframework.security.web.FilterChainProxy$VirtualFilterChain.doFilter(FilterChainProxy.java:346) ~[spring-security-web-5.7.11.jar!/:5.7.11]
	at org.springframework.security.web.authentication.logout.LogoutFilter.doFilter(LogoutFilter.java:103) ~[spring-security-web-5.7.11.jar!/:5.7.11]
	at org.springframework.security.web.authentication.logout.LogoutFilter.doFilter(LogoutFilter.java:89) ~[spring-security-web-5.7.11.jar!/:5.7.11]
	at org.springframework.security.web.FilterChainProxy$VirtualFilterChain.doFilter(FilterChainProxy.java:346) ~[spring-security-web-5.7.11.jar!/:5.7.11]
	at org.springframework.security.web.header.HeaderWriterFilter.doHeadersAfter(HeaderWriterFilter.java:90) ~[spring-security-web-5.7.11.jar!/:5.7.11]
	at org.springframework.security.web.header.HeaderWriterFilter.doFilterInternal(HeaderWriterFilter.java:75) ~[spring-security-web-5.7.11.jar!/:5.7.11]
	at org.springframework.web.filter.OncePerRequestFilter.doFilter(OncePerRequestFilter.java:117) ~[spring-web-5.3.31.jar!/:5.3.31]
	at org.springframework.security.web.FilterChainProxy$VirtualFilterChain.doFilter(FilterChainProxy.java:346) ~[spring-security-web-5.7.11.jar!/:5.7.11]
	at org.springframework.security.web.context.SecurityContextPersistenceFilter.doFilter(SecurityContextPersistenceFilter.java:112) ~[spring-security-web-5.7.11.jar!/:5.7.11]
	at org.springframework.security.web.context.SecurityContextPersistenceFilter.doFilter(SecurityContextPersistenceFilter.java:82) ~[spring-security-web-5.7.11.jar!/:5.7.11]
	at org.springframework.security.web.FilterChainProxy$VirtualFilterChain.doFilter(FilterChainProxy.java:346) ~[spring-security-web-5.7.11.jar!/:5.7.11]
	at org.springframework.security.web.context.request.async.WebAsyncManagerIntegrationFilter.doFilterInternal(WebAsyncManagerIntegrationFilter.java:55) ~[spring-security-web-5.7.11.jar!/:5.7.11]
	at org.springframework.web.filter.OncePerRequestFilter.doFilter(OncePerRequestFilter.java:117) ~[spring-web-5.3.31.jar!/:5.3.31]
	at org.springframework.security.web.FilterChainProxy$VirtualFilterChain.doFilter(FilterChainProxy.java:346) ~[spring-security-web-5.7.11.jar!/:5.7.11]
	at org.springframework.security.web.session.DisableEncodeUrlFilter.doFilterInternal(DisableEncodeUrlFilter.java:42) ~[spring-security-web-5.7.11.jar!/:5.7.11]
	at org.springframework.web.filter.OncePerRequestFilter.doFilter(OncePerRequestFilter.java:117) ~[spring-web-5.3.31.jar!/:5.3.31]
	at org.springframework.security.web.FilterChainProxy$VirtualFilterChain.doFilter(FilterChainProxy.java:346) ~[spring-security-web-5.7.11.jar!/:5.7.11]
	at org.springframework.security.web.FilterChainProxy.doFilterInternal(FilterChainProxy.java:221) ~[spring-security-web-5.7.11.jar!/:5.7.11]
	at org.springframework.security.web.FilterChainProxy.doFilter(FilterChainProxy.java:186) ~[spring-security-web-5.7.11.jar!/:5.7.11]
	at org.springframework.web.filter.DelegatingFilterProxy.invokeDelegate(DelegatingFilterProxy.java:354) ~[spring-web-5.3.31.jar!/:5.3.31]
	at org.springframework.web.filter.DelegatingFilterProxy.doFilter(DelegatingFilterProxy.java:267) ~[spring-web-5.3.31.jar!/:5.3.31]
	at org.apache.catalina.core.ApplicationFilterChain.internalDoFilter(ApplicationFilterChain.java:178) ~[tomcat-embed-core-9.0.83.jar!/:na]
	at org.apache.catalina.core.ApplicationFilterChain.doFilter(ApplicationFilterChain.java:153) ~[tomcat-embed-core-9.0.83.jar!/:na]
	at org.springframework.web.filter.RequestContextFilter.doFilterInternal(RequestContextFilter.java:100) ~[spring-web-5.3.31.jar!/:5.3.31]
	at org.springframework.web.filter.OncePerRequestFilter.doFilter(OncePerRequestFilter.java:117) ~[spring-web-5.3.31.jar!/:5.3.31]
	at org.apache.catalina.core.ApplicationFilterChain.internalDoFilter(ApplicationFilterChain.java:178) ~[tomcat-embed-core-9.0.83.jar!/:na]
	at org.apache.catalina.core.ApplicationFilterChain.doFilter(ApplicationFilterChain.java:153) ~[tomcat-embed-core-9.0.83.jar!/:na]
	at org.springframework.web.filter.FormContentFilter.doFilterInternal(FormContentFilter.java:93) ~[spring-web-5.3.31.jar!/:5.3.31]
	at org.springframework.web.filter.OncePerRequestFilter.doFilter(OncePerRequestFilter.java:117) ~[spring-web-5.3.31.jar!/:5.3.31]
	at org.apache.catalina.core.ApplicationFilterChain.internalDoFilter(ApplicationFilterChain.java:178) ~[tomcat-embed-core-9.0.83.jar!/:na]
	at org.apache.catalina.core.ApplicationFilterChain.doFilter(ApplicationFilterChain.java:153) ~[tomcat-embed-core-9.0.83.jar!/:na]
	at org.springframework.web.filter.CharacterEncodingFilter.doFilterInternal(CharacterEncodingFilter.java:201) ~[spring-web-5.3.31.jar!/:5.3.31]
	at org.springframework.web.filter.OncePerRequestFilter.doFilter(OncePerRequestFilter.java:117) ~[spring-web-5.3.31.jar!/:5.3.31]
	at org.apache.catalina.core.ApplicationFilterChain.internalDoFilter(ApplicationFilterChain.java:178) ~[tomcat-embed-core-9.0.83.jar!/:na]
	at org.apache.catalina.core.ApplicationFilterChain.doFilter(ApplicationFilterChain.java:153) ~[tomcat-embed-core-9.0.83.jar!/:na]
	at org.apache.catalina.core.StandardWrapperValve.invoke(StandardWrapperValve.java:168) ~[tomcat-embed-core-9.0.83.jar!/:na]
	at org.apache.catalina.core.StandardContextValve.invoke(StandardContextValve.java:90) ~[tomcat-embed-core-9.0.83.jar!/:na]
	at org.apache.catalina.authenticator.AuthenticatorBase.invoke(AuthenticatorBase.java:481) ~[tomcat-embed-core-9.0.83.jar!/:na]
	at org.apache.catalina.core.StandardHostValve.invoke(StandardHostValve.java:130) ~[tomcat-embed-core-9.0.83.jar!/:na]
	at org.apache.catalina.valves.ErrorReportValve.invoke(ErrorReportValve.java:93) ~[tomcat-embed-core-9.0.83.jar!/:na]
	at org.apache.catalina.core.StandardEngineValve.invoke(StandardEngineValve.java:74) ~[tomcat-embed-core-9.0.83.jar!/:na]
	at org.apache.catalina.connector.CoyoteAdapter.service(CoyoteAdapter.java:342) ~[tomcat-embed-core-9.0.83.jar!/:na]
	at org.apache.coyote.http11.Http11Processor.service(Http11Processor.java:390) ~[tomcat-embed-core-9.0.83.jar!/:na]
	at org.apache.coyote.AbstractProcessorLight.process(AbstractProcessorLight.java:63) ~[tomcat-embed-core-9.0.83.jar!/:na]
	at org.apache.coyote.AbstractProtocol$ConnectionHandler.process(AbstractProtocol.java:928) ~[tomcat-embed-core-9.0.83.jar!/:na]
	at org.apache.tomcat.util.net.NioEndpoint$SocketProcessor.doRun(NioEndpoint.java:1794) ~[tomcat-embed-core-9.0.83.jar!/:na]
	at org.apache.tomcat.util.net.SocketProcessorBase.run(SocketProcessorBase.java:52) ~[tomcat-embed-core-9.0.83.jar!/:na]
	at org.apache.tomcat.util.threads.ThreadPoolExecutor.runWorker(ThreadPoolExecutor.java:1191) ~[tomcat-embed-core-9.0.83.jar!/:na]
	at org.apache.tomcat.util.threads.ThreadPoolExecutor$Worker.run(ThreadPoolExecutor.java:659) ~[tomcat-embed-core-9.0.83.jar!/:na]
	at org.apache.tomcat.util.threads.TaskThread$WrappingRunnable.run(TaskThread.java:61) ~[tomcat-embed-core-9.0.83.jar!/:na]
	at java.base/java.lang.Thread.run(Thread.java:1570) ~[na:na]
Caused by: io.lettuce.core.RedisConnectionException: Unable to connect to 127.0.0.1/<unresolved>:6379
	at io.lettuce.core.RedisConnectionException.create(RedisConnectionException.java:78) ~[lettuce-core-6.1.10.RELEASE.jar!/:6.1.10.RELEASE]
	at io.lettuce.core.RedisConnectionException.create(RedisConnectionException.java:56) ~[lettuce-core-6.1.10.RELEASE.jar!/:6.1.10.RELEASE]
	at io.lettuce.core.AbstractRedisClient.getConnection(AbstractRedisClient.java:330) ~[lettuce-core-6.1.10.RELEASE.jar!/:6.1.10.RELEASE]
	at io.lettuce.core.RedisClient.connect(RedisClient.java:216) ~[lettuce-core-6.1.10.RELEASE.jar!/:6.1.10.RELEASE]
	at org.springframework.data.redis.connection.lettuce.StandaloneConnectionProvider.lambda$getConnection$1(StandaloneConnectionProvider.java:115) ~[spring-data-redis-2.7.18.jar!/:2.7.18]
	at java.base/java.util.Optional.orElseGet(Optional.java:364) ~[na:na]
	at org.springframework.data.redis.connection.lettuce.StandaloneConnectionProvider.getConnection(StandaloneConnectionProvider.java:115) ~[spring-data-redis-2.7.18.jar!/:2.7.18]
	at org.springframework.data.redis.connection.lettuce.LettuceConnectionFactory$ExceptionTranslatingConnectionProvider.getConnection(LettuceConnectionFactory.java:1595) ~[spring-data-redis-2.7.18.jar!/:2.7.18]
	... 99 common frames omitted
Caused by: io.netty.channel.AbstractChannel$AnnotatedConnectException: Connection refused: getsockopt: /127.0.0.1:6379
Caused by: java.net.ConnectException: Connection refused: getsockopt
	at java.base/sun.nio.ch.Net.pollConnect(Native Method) ~[na:na]
	at java.base/sun.nio.ch.Net.pollConnectNow(Net.java:682) ~[na:na]
	at java.base/sun.nio.ch.SocketChannelImpl.finishConnect(SocketChannelImpl.java:1060) ~[na:na]
	at io.netty.channel.socket.nio.NioSocketChannel.doFinishConnect(NioSocketChannel.java:337) ~[netty-transport-4.1.101.Final.jar!/:4.1.101.Final]
	at io.netty.channel.nio.AbstractNioChannel$AbstractNioUnsafe.finishConnect(AbstractNioChannel.java:334) ~[netty-transport-4.1.101.Final.jar!/:4.1.101.Final]
	at io.netty.channel.nio.NioEventLoop.processSelectedKey(NioEventLoop.java:776) ~[netty-transport-4.1.101.Final.jar!/:4.1.101.Final]
	at io.netty.channel.nio.NioEventLoop.processSelectedKeysOptimized(NioEventLoop.java:724) ~[netty-transport-4.1.101.Final.jar!/:4.1.101.Final]
	at io.netty.channel.nio.NioEventLoop.processSelectedKeys(NioEventLoop.java:650) ~[netty-transport-4.1.101.Final.jar!/:4.1.101.Final]
	at io.netty.channel.nio.NioEventLoop.run(NioEventLoop.java:562) ~[netty-transport-4.1.101.Final.jar!/:4.1.101.Final]
	at io.netty.util.concurrent.SingleThreadEventExecutor$4.run(SingleThreadEventExecutor.java:997) ~[netty-common-4.1.101.Final.jar!/:4.1.101.Final]
	at io.netty.util.internal.ThreadExecutorMap$2.run(ThreadExecutorMap.java:74) ~[netty-common-4.1.101.Final.jar!/:4.1.101.Final]
	at io.netty.util.concurrent.FastThreadLocalRunnable.run(FastThreadLocalRunnable.java:30) ~[netty-common-4.1.101.Final.jar!/:4.1.101.Final]
	at java.base/java.lang.Thread.run(Thread.java:1570) ~[na:na]

2026-04-23 05:32:50.690 DEBUG 12180 --- [io-8081-exec-10] m.m.a.RequestResponseBodyMethodProcessor : Using 'application/json', given [application/json, text/plain, */*] and supported [application/json, application/*+json, application/json, application/*+json]
2026-04-23 05:32:50.692 DEBUG 12180 --- [io-8081-exec-10] m.m.a.RequestResponseBodyMethodProcessor : Writing [Result(code=200, message=登录成功, data={roles=[ROLE_USER], userId=2, token=eyJhbGciOiJIUzUxMiJ9.eyJzdWI (truncated)...]
2026-04-23 05:32:50.693 DEBUG 12180 --- [io-8081-exec-10] o.s.web.servlet.DispatcherServlet        : Completed 200 OK
2026-04-23 05:32:50.907 DEBUG 12180 --- [nio-8081-exec-2] o.s.web.servlet.DispatcherServlet        : GET "/api/user/current", parameters={}
2026-04-23 05:32:50.908 DEBUG 12180 --- [nio-8081-exec-2] s.w.s.m.m.a.RequestMappingHandlerMapping : Mapped to com.evbattery.modules.user.controller.UserController#current()
2026-04-23 05:32:50.913 DEBUG 12180 --- [nio-8081-exec-2] o.s.jdbc.core.JdbcTemplate               : Executing prepared SQL query
2026-04-23 05:32:50.914 DEBUG 12180 --- [nio-8081-exec-2] o.s.jdbc.core.JdbcTemplate               : Executing prepared SQL statement [select r.role_code from role r join user_role ur on r.id=ur.role_id where ur.user_id=?]
2026-04-23 05:32:50.916 DEBUG 12180 --- [nio-8081-exec-2] m.m.a.RequestResponseBodyMethodProcessor : Using 'application/json', given [application/json, text/plain, */*] and supported [application/json, application/*+json, application/json, application/*+json]
2026-04-23 05:32:50.917 DEBUG 12180 --- [nio-8081-exec-2] m.m.a.RequestResponseBodyMethodProcessor : Writing [Result(code=200, message=success, data={realName=测试用户, roles=[ROLE_USER], id=2, email=test@ev.com, u (truncated)...]
2026-04-23 05:32:50.919 DEBUG 12180 --- [nio-8081-exec-2] o.s.web.servlet.DispatcherServlet        : Completed 200 OK
2026-04-23 05:32:51.542 DEBUG 12180 --- [nio-8081-exec-1] o.s.web.servlet.DispatcherServlet        : GET "/api/message/unread-count", parameters={}
2026-04-23 05:32:51.545 DEBUG 12180 --- [nio-8081-exec-1] s.w.s.m.m.a.RequestMappingHandlerMapping : Mapped to com.evbattery.modules.message.controller.MessageController#unreadCount()
2026-04-23 05:32:51.546 DEBUG 12180 --- [nio-8081-exec-5] o.s.web.servlet.DispatcherServlet        : GET "/api/statistics/health-distribution", parameters={}
2026-04-23 05:32:51.547 DEBUG 12180 --- [nio-8081-exec-5] s.w.s.m.m.a.RequestMappingHandlerMapping : Mapped to com.evbattery.modules.statistics.controller.StatisticsController#healthDistribution()
2026-04-23 05:32:51.546 DEBUG 12180 --- [nio-8081-exec-6] o.s.web.servlet.DispatcherServlet        : GET "/api/statistics/trade-trend?days=7", parameters={masked}
2026-04-23 05:32:51.546 DEBUG 12180 --- [nio-8081-exec-3] o.s.web.servlet.DispatcherServlet        : GET "/api/trade/products?page=1&size=4&sortBy=latest", parameters={masked}
2026-04-23 05:32:51.547 DEBUG 12180 --- [nio-8081-exec-4] o.s.web.servlet.DispatcherServlet        : GET "/api/statistics/product-category-distribution", parameters={}
2026-04-23 05:32:51.548 DEBUG 12180 --- [nio-8081-exec-1] o.s.jdbc.core.JdbcTemplate               : Executing prepared SQL query
2026-04-23 05:32:51.548 DEBUG 12180 --- [nio-8081-exec-6] s.w.s.m.m.a.RequestMappingHandlerMapping : Mapped to com.evbattery.modules.statistics.controller.StatisticsController#tradeTrend(Integer)
2026-04-23 05:32:51.548 DEBUG 12180 --- [nio-8081-exec-3] s.w.s.m.m.a.RequestMappingHandlerMapping : Mapped to com.evbattery.modules.trade.controller.TradeController#products(Integer, Integer, String, BigDecimal, BigDecimal, String, String, String, String)
2026-04-23 05:32:51.548 DEBUG 12180 --- [nio-8081-exec-5] o.s.jdbc.core.JdbcTemplate               : Executing SQL query [select ifnull(health_level, 'UNKNOWN') as name, count(1) as value from health_assessment group by health_level order by value desc]
2026-04-23 05:32:51.548 DEBUG 12180 --- [nio-8081-exec-4] s.w.s.m.m.a.RequestMappingHandlerMapping : Mapped to com.evbattery.modules.statistics.controller.StatisticsController#productCategoryDistribution()
2026-04-23 05:32:51.549 DEBUG 12180 --- [nio-8081-exec-1] o.s.jdbc.core.JdbcTemplate               : Executing prepared SQL statement [select count(1) from app_message where user_id = ? and read_flag = 0]
2026-04-23 05:32:51.553 DEBUG 12180 --- [nio-8081-exec-4] o.s.jdbc.core.JdbcTemplate               : Executing SQL query [select ifnull(battery_type, 'UNKNOWN') as name, count(1) as value from product where deleted_flag = 0 group by battery_type order by value desc]
2026-04-23 05:32:51.554 DEBUG 12180 --- [nio-8081-exec-5] m.m.a.RequestResponseBodyMethodProcessor : Using 'application/json', given [application/json, text/plain, */*] and supported [application/json, application/*+json, application/json, application/*+json]
2026-04-23 05:32:51.554 DEBUG 12180 --- [nio-8081-exec-6] o.s.jdbc.core.JdbcTemplate               : Executing prepared SQL query
2026-04-23 05:32:51.556 DEBUG 12180 --- [nio-8081-exec-6] o.s.jdbc.core.JdbcTemplate               : Executing prepared SQL statement [select ifnull(sum(amount), 0) from `order` where date(created_at)=?]
2026-04-23 05:32:51.556 DEBUG 12180 --- [nio-8081-exec-5] m.m.a.RequestResponseBodyMethodProcessor : Writing [Result(code=200, message=success, data=[{name=良好, value=28}, {name=一般, value=14}, {name=优秀, value=10 (truncated)...]
2026-04-23 05:32:51.556 DEBUG 12180 --- [nio-8081-exec-1] m.m.a.RequestResponseBodyMethodProcessor : Using 'application/json', given [application/json, text/plain, */*] and supported [application/json, application/*+json, application/json, application/*+json]
2026-04-23 05:32:51.558 DEBUG 12180 --- [nio-8081-exec-4] m.m.a.RequestResponseBodyMethodProcessor : Using 'application/json', given [application/json, text/plain, */*] and supported [application/json, application/*+json, application/json, application/*+json]
2026-04-23 05:32:51.559 DEBUG 12180 --- [nio-8081-exec-1] m.m.a.RequestResponseBodyMethodProcessor : Writing [Result(code=200, message=success, data={unreadCount=7})]
2026-04-23 05:32:51.561 DEBUG 12180 --- [nio-8081-exec-4] m.m.a.RequestResponseBodyMethodProcessor : Writing [Result(code=200, message=success, data=[{name=磷酸铁锂, value=9}, {name=三元锂, value=2}, {name=????, value (truncated)...]
2026-04-23 05:32:51.562 DEBUG 12180 --- [nio-8081-exec-6] o.s.jdbc.core.JdbcTemplate               : Executing prepared SQL query
2026-04-23 05:32:51.562 DEBUG 12180 --- [nio-8081-exec-6] o.s.jdbc.core.JdbcTemplate               : Executing prepared SQL statement [select count(1) from `order` where date(created_at)=?]
2026-04-23 05:32:51.562 DEBUG 12180 --- [nio-8081-exec-1] o.s.web.servlet.DispatcherServlet        : Completed 200 OK
2026-04-23 05:32:51.563 DEBUG 12180 --- [nio-8081-exec-4] o.s.web.servlet.DispatcherServlet        : Completed 200 OK
2026-04-23 05:32:51.563 DEBUG 12180 --- [nio-8081-exec-5] o.s.web.servlet.DispatcherServlet        : Completed 200 OK
2026-04-23 05:32:51.565 DEBUG 12180 --- [nio-8081-exec-6] o.s.jdbc.core.JdbcTemplate               : Executing prepared SQL query
2026-04-23 05:32:51.565 DEBUG 12180 --- [nio-8081-exec-6] o.s.jdbc.core.JdbcTemplate               : Executing prepared SQL statement [select ifnull(sum(amount), 0) from `order` where date(created_at)=?]
2026-04-23 05:32:51.568 DEBUG 12180 --- [nio-8081-exec-6] o.s.jdbc.core.JdbcTemplate               : Executing prepared SQL query
2026-04-23 05:32:51.569 DEBUG 12180 --- [nio-8081-exec-6] o.s.jdbc.core.JdbcTemplate               : Executing prepared SQL statement [select count(1) from `order` where date(created_at)=?]
2026-04-23 05:32:51.570 DEBUG 12180 --- [nio-8081-exec-6] o.s.jdbc.core.JdbcTemplate               : Executing prepared SQL query
2026-04-23 05:32:51.571 DEBUG 12180 --- [nio-8081-exec-6] o.s.jdbc.core.JdbcTemplate               : Executing prepared SQL statement [select ifnull(sum(amount), 0) from `order` where date(created_at)=?]
2026-04-23 05:32:51.574 DEBUG 12180 --- [nio-8081-exec-6] o.s.jdbc.core.JdbcTemplate               : Executing prepared SQL query
2026-04-23 05:32:51.574 DEBUG 12180 --- [nio-8081-exec-6] o.s.jdbc.core.JdbcTemplate               : Executing prepared SQL statement [select count(1) from `order` where date(created_at)=?]
2026-04-23 05:32:51.576 DEBUG 12180 --- [nio-8081-exec-3] o.s.jdbc.core.JdbcTemplate               : Executing prepared SQL query
2026-04-23 05:32:51.576 DEBUG 12180 --- [nio-8081-exec-3] o.s.jdbc.core.JdbcTemplate               : Executing prepared SQL statement [select count(1) from product p left join battery_record b on p.battery_id = b.id left join user_profile up on p.seller_id = up.user_id left join credit_score cs on p.seller_id = cs.user_id  where p.deleted_flag = 0 and p.draft_flag = 0 and p.publish_status in ('ON_SHELF','SOLD_OUT') ]
2026-04-23 05:32:51.577 DEBUG 12180 --- [nio-8081-exec-6] o.s.jdbc.core.JdbcTemplate               : Executing prepared SQL query
2026-04-23 05:32:51.577 DEBUG 12180 --- [nio-8081-exec-6] o.s.jdbc.core.JdbcTemplate               : Executing prepared SQL statement [select ifnull(sum(amount), 0) from `order` where date(created_at)=?]
2026-04-23 05:32:51.579 DEBUG 12180 --- [nio-8081-exec-3] o.s.jdbc.core.JdbcTemplate               : Executing prepared SQL query
2026-04-23 05:32:51.579 DEBUG 12180 --- [nio-8081-exec-3] o.s.jdbc.core.JdbcTemplate               : Executing prepared SQL statement [select p.*, b.battery_code as batteryCode, up.nickname as sellerNickname, up.avatar as sellerAvatar, ifnull(cs.score,100) as creditScore  from product p left join battery_record b on p.battery_id = b.id left join user_profile up on p.seller_id = up.user_id left join credit_score cs on p.seller_id = cs.user_id  where p.deleted_flag = 0 and p.draft_flag = 0 and p.publish_status in ('ON_SHELF','SOLD_OUT')  order by  p.id desc  limit ?, ?]
2026-04-23 05:32:51.579 DEBUG 12180 --- [nio-8081-exec-6] o.s.jdbc.core.JdbcTemplate               : Executing prepared SQL query
2026-04-23 05:32:51.580 DEBUG 12180 --- [nio-8081-exec-6] o.s.jdbc.core.JdbcTemplate               : Executing prepared SQL statement [select count(1) from `order` where date(created_at)=?]
2026-04-23 05:32:51.581 DEBUG 12180 --- [nio-8081-exec-6] o.s.jdbc.core.JdbcTemplate               : Executing prepared SQL query
2026-04-23 05:32:51.582 DEBUG 12180 --- [nio-8081-exec-6] o.s.jdbc.core.JdbcTemplate               : Executing prepared SQL statement [select ifnull(sum(amount), 0) from `order` where date(created_at)=?]
2026-04-23 05:32:51.584 DEBUG 12180 --- [nio-8081-exec-6] o.s.jdbc.core.JdbcTemplate               : Executing prepared SQL query
2026-04-23 05:32:51.585 DEBUG 12180 --- [nio-8081-exec-6] o.s.jdbc.core.JdbcTemplate               : Executing prepared SQL statement [select count(1) from `order` where date(created_at)=?]
2026-04-23 05:32:51.588 DEBUG 12180 --- [nio-8081-exec-6] o.s.jdbc.core.JdbcTemplate               : Executing prepared SQL query
2026-04-23 05:32:51.588 DEBUG 12180 --- [nio-8081-exec-6] o.s.jdbc.core.JdbcTemplate               : Executing prepared SQL statement [select ifnull(sum(amount), 0) from `order` where date(created_at)=?]
2026-04-23 05:32:51.589 DEBUG 12180 --- [nio-8081-exec-3] m.m.a.RequestResponseBodyMethodProcessor : Using 'application/json', given [application/json, text/plain, */*] and supported [application/json, application/*+json, application/json, application/*+json]
2026-04-23 05:32:51.590 DEBUG 12180 --- [nio-8081-exec-3] m.m.a.RequestResponseBodyMethodProcessor : Writing [Result(code=200, message=success, data={records=[{id=2046448787648917513, seller_id=4, battery_id=20 (truncated)...]
2026-04-23 05:32:51.590 DEBUG 12180 --- [nio-8081-exec-6] o.s.jdbc.core.JdbcTemplate               : Executing prepared SQL query
2026-04-23 05:32:51.591 DEBUG 12180 --- [nio-8081-exec-6] o.s.jdbc.core.JdbcTemplate               : Executing prepared SQL statement [select count(1) from `order` where date(created_at)=?]
2026-04-23 05:32:51.593 DEBUG 12180 --- [nio-8081-exec-6] o.s.jdbc.core.JdbcTemplate               : Executing prepared SQL query
2026-04-23 05:32:51.594 DEBUG 12180 --- [nio-8081-exec-6] o.s.jdbc.core.JdbcTemplate               : Executing prepared SQL statement [select ifnull(sum(amount), 0) from `order` where date(created_at)=?]
2026-04-23 05:32:51.596 DEBUG 12180 --- [nio-8081-exec-6] o.s.jdbc.core.JdbcTemplate               : Executing prepared SQL query
2026-04-23 05:32:51.596 DEBUG 12180 --- [nio-8081-exec-6] o.s.jdbc.core.JdbcTemplate               : Executing prepared SQL statement [select count(1) from `order` where date(created_at)=?]
2026-04-23 05:32:51.596 DEBUG 12180 --- [nio-8081-exec-3] o.s.web.servlet.DispatcherServlet        : Completed 200 OK
2026-04-23 05:32:51.598 DEBUG 12180 --- [nio-8081-exec-6] m.m.a.RequestResponseBodyMethodProcessor : Using 'application/json', given [application/json, text/plain, */*] and supported [application/json, application/*+json, application/json, application/*+json]
2026-04-23 05:32:51.599 DEBUG 12180 --- [nio-8081-exec-6] m.m.a.RequestResponseBodyMethodProcessor : Writing [Result(code=200, message=success, data={xAxis=[2026-04-17, 2026-04-18, 2026-04-19, 2026-04-20, 2026- (truncated)...]
2026-04-23 05:32:51.601 DEBUG 12180 --- [nio-8081-exec-6] o.s.web.servlet.DispatcherServlet        : Completed 200 OK
2026-04-23 05:32:53.788 DEBUG 12180 --- [nio-8081-exec-7] o.s.web.servlet.DispatcherServlet        : GET "/api/trade/products?page=1&size=8&keyword=&healthLevel=&batteryType=&sortBy=", parameters={masked}
2026-04-23 05:32:53.790 DEBUG 12180 --- [nio-8081-exec-7] s.w.s.m.m.a.RequestMappingHandlerMapping : Mapped to com.evbattery.modules.trade.controller.TradeController#products(Integer, Integer, String, BigDecimal, BigDecimal, String, String, String, String)
2026-04-23 05:32:53.793 DEBUG 12180 --- [nio-8081-exec-7] o.s.jdbc.core.JdbcTemplate               : Executing prepared SQL query
2026-04-23 05:32:53.794 DEBUG 12180 --- [nio-8081-exec-7] o.s.jdbc.core.JdbcTemplate               : Executing prepared SQL statement [select count(1) from product p left join battery_record b on p.battery_id = b.id left join user_profile up on p.seller_id = up.user_id left join credit_score cs on p.seller_id = cs.user_id  where p.deleted_flag = 0 and p.draft_flag = 0 and p.publish_status in ('ON_SHELF','SOLD_OUT') ]
2026-04-23 05:32:53.797 DEBUG 12180 --- [nio-8081-exec-7] o.s.jdbc.core.JdbcTemplate               : Executing prepared SQL query
2026-04-23 05:32:53.798 DEBUG 12180 --- [nio-8081-exec-7] o.s.jdbc.core.JdbcTemplate               : Executing prepared SQL statement [select p.*, b.battery_code as batteryCode, up.nickname as sellerNickname, up.avatar as sellerAvatar, ifnull(cs.score,100) as creditScore  from product p left join battery_record b on p.battery_id = b.id left join user_profile up on p.seller_id = up.user_id left join credit_score cs on p.seller_id = cs.user_id  where p.deleted_flag = 0 and p.draft_flag = 0 and p.publish_status in ('ON_SHELF','SOLD_OUT')  order by  p.favorite_count desc, p.id desc  limit ?, ?]
2026-04-23 05:32:53.805 DEBUG 12180 --- [nio-8081-exec-7] m.m.a.RequestResponseBodyMethodProcessor : Using 'application/json', given [application/json, text/plain, */*] and supported [application/json, application/*+json, application/json, application/*+json]
2026-04-23 05:32:53.806 DEBUG 12180 --- [nio-8081-exec-7] m.m.a.RequestResponseBodyMethodProcessor : Writing [Result(code=200, message=success, data={records=[{id=2046448787648917513, seller_id=4, battery_id=20 (truncated)...]
2026-04-23 05:32:53.811 DEBUG 12180 --- [nio-8081-exec-7] o.s.web.servlet.DispatcherServlet        : Completed 200 OK
2026-04-23 05:32:54.144 DEBUG 12180 --- [nio-8081-exec-9] o.s.web.servlet.DispatcherServlet        : GET "/api/trade/favorites/2046448787648917513/status", parameters={}
2026-04-23 05:32:54.144 DEBUG 12180 --- [nio-8081-exec-8] o.s.web.servlet.DispatcherServlet        : GET "/api/trade/cart", parameters={}
2026-04-23 05:32:54.145 DEBUG 12180 --- [nio-8081-exec-8] s.w.s.m.m.a.RequestMappingHandlerMapping : Mapped to com.evbattery.modules.trade.controller.TradeController#cartList()
2026-04-23 05:32:54.147 DEBUG 12180 --- [nio-8081-exec-9] s.w.s.m.m.a.RequestMappingHandlerMapping : Mapped to com.evbattery.modules.trade.controller.TradeController#favoriteStatus(Long)
2026-04-23 05:32:54.147 DEBUG 12180 --- [nio-8081-exec-8] o.s.jdbc.core.JdbcTemplate               : Executing prepared SQL query
2026-04-23 05:32:54.148 DEBUG 12180 --- [nio-8081-exec-8] o.s.jdbc.core.JdbcTemplate               : Executing prepared SQL statement [select c.id as cartId, c.product_id as productId, c.quantity, c.checked_flag as checkedFlag, p.id as id, p.*, if(p.stock < c.quantity or p.publish_status <> 'ON_SHELF', 1, 0) as invalidFlag from cart_item c join product p on c.product_id = p.id where c.user_id = ? order by c.id desc]
2026-04-23 05:32:54.151 DEBUG 12180 --- [nio-8081-exec-9] o.s.jdbc.core.JdbcTemplate               : Executing prepared SQL query
2026-04-23 05:32:54.152 DEBUG 12180 --- [nio-8081-exec-9] o.s.jdbc.core.JdbcTemplate               : Executing prepared SQL statement [select count(1) from favorite_product where user_id = ? and product_id = ?]
2026-04-23 05:32:54.152 DEBUG 12180 --- [nio-8081-exec-8] m.m.a.RequestResponseBodyMethodProcessor : Using 'application/json', given [application/json, text/plain, */*] and supported [application/json, application/*+json, application/json, application/*+json]
2026-04-23 05:32:54.152 DEBUG 12180 --- [nio-8081-exec-8] m.m.a.RequestResponseBodyMethodProcessor : Writing [Result(code=200, message=success, data=[{cartId=3, productId=2046448787648917512, quantity=1, checke (truncated)...]
2026-04-23 05:32:54.154 DEBUG 12180 --- [nio-8081-exec-9] m.m.a.RequestResponseBodyMethodProcessor : Using 'application/json', given [application/json, text/plain, */*] and supported [application/json, application/*+json, application/json, application/*+json]
2026-04-23 05:32:54.155 DEBUG 12180 --- [nio-8081-exec-8] o.s.web.servlet.DispatcherServlet        : Completed 200 OK
2026-04-23 05:32:54.156 DEBUG 12180 --- [nio-8081-exec-9] m.m.a.RequestResponseBodyMethodProcessor : Writing [Result(code=200, message=success, data={favorite=false})]
2026-04-23 05:32:54.157 DEBUG 12180 --- [nio-8081-exec-9] o.s.web.servlet.DispatcherServlet        : Completed 200 OK
2026-04-23 05:32:54.397 DEBUG 12180 --- [io-8081-exec-10] o.s.web.servlet.DispatcherServlet        : GET "/api/trade/favorites/2046448787648917512/status", parameters={}
2026-04-23 05:32:54.399 DEBUG 12180 --- [io-8081-exec-10] s.w.s.m.m.a.RequestMappingHandlerMapping : Mapped to com.evbattery.modules.trade.controller.TradeController#favoriteStatus(Long)
2026-04-23 05:32:54.401 DEBUG 12180 --- [io-8081-exec-10] o.s.jdbc.core.JdbcTemplate               : Executing prepared SQL query
2026-04-23 05:32:54.402 DEBUG 12180 --- [io-8081-exec-10] o.s.jdbc.core.JdbcTemplate               : Executing prepared SQL statement [select count(1) from favorite_product where user_id = ? and product_id = ?]
2026-04-23 05:32:54.405 DEBUG 12180 --- [io-8081-exec-10] m.m.a.RequestResponseBodyMethodProcessor : Using 'application/json', given [application/json, text/plain, */*] and supported [application/json, application/*+json, application/json, application/*+json]
2026-04-23 05:32:54.406 DEBUG 12180 --- [io-8081-exec-10] m.m.a.RequestResponseBodyMethodProcessor : Writing [Result(code=200, message=success, data={favorite=false})]
2026-04-23 05:32:54.408 DEBUG 12180 --- [io-8081-exec-10] o.s.web.servlet.DispatcherServlet        : Completed 200 OK
2026-04-23 05:32:54.464 DEBUG 12180 --- [nio-8081-exec-4] o.s.web.servlet.DispatcherServlet        : GET "/api/trade/favorites/2046448787648917509/status", parameters={}
2026-04-23 05:32:54.464 DEBUG 12180 --- [nio-8081-exec-1] o.s.web.servlet.DispatcherServlet        : GET "/api/trade/favorites/2046448787648917510/status", parameters={}
2026-04-23 05:32:54.464 DEBUG 12180 --- [nio-8081-exec-2] o.s.web.servlet.DispatcherServlet        : GET "/api/trade/favorites/2046448787648917511/status", parameters={}
2026-04-23 05:32:54.466 DEBUG 12180 --- [nio-8081-exec-4] s.w.s.m.m.a.RequestMappingHandlerMapping : Mapped to com.evbattery.modules.trade.controller.TradeController#favoriteStatus(Long)
2026-04-23 05:32:54.466 DEBUG 12180 --- [nio-8081-exec-2] s.w.s.m.m.a.RequestMappingHandlerMapping : Mapped to com.evbattery.modules.trade.controller.TradeController#favoriteStatus(Long)
2026-04-23 05:32:54.466 DEBUG 12180 --- [nio-8081-exec-1] s.w.s.m.m.a.RequestMappingHandlerMapping : Mapped to com.evbattery.modules.trade.controller.TradeController#favoriteStatus(Long)
2026-04-23 05:32:54.468 DEBUG 12180 --- [nio-8081-exec-2] o.s.jdbc.core.JdbcTemplate               : Executing prepared SQL query
2026-04-23 05:32:54.468 DEBUG 12180 --- [nio-8081-exec-2] o.s.jdbc.core.JdbcTemplate               : Executing prepared SQL statement [select count(1) from favorite_product where user_id = ? and product_id = ?]
2026-04-23 05:32:54.468 DEBUG 12180 --- [nio-8081-exec-4] o.s.jdbc.core.JdbcTemplate               : Executing prepared SQL query
2026-04-23 05:32:54.470 DEBUG 12180 --- [nio-8081-exec-4] o.s.jdbc.core.JdbcTemplate               : Executing prepared SQL statement [select count(1) from favorite_product where user_id = ? and product_id = ?]
2026-04-23 05:32:54.470 DEBUG 12180 --- [nio-8081-exec-1] o.s.jdbc.core.JdbcTemplate               : Executing prepared SQL query
2026-04-23 05:32:54.471 DEBUG 12180 --- [nio-8081-exec-1] o.s.jdbc.core.JdbcTemplate               : Executing prepared SQL statement [select count(1) from favorite_product where user_id = ? and product_id = ?]
2026-04-23 05:32:54.473 DEBUG 12180 --- [nio-8081-exec-2] m.m.a.RequestResponseBodyMethodProcessor : Using 'application/json', given [application/json, text/plain, */*] and supported [application/json, application/*+json, application/json, application/*+json]
2026-04-23 05:32:54.473 DEBUG 12180 --- [nio-8081-exec-4] m.m.a.RequestResponseBodyMethodProcessor : Using 'application/json', given [application/json, text/plain, */*] and supported [application/json, application/*+json, application/json, application/*+json]
2026-04-23 05:32:54.473 DEBUG 12180 --- [nio-8081-exec-2] m.m.a.RequestResponseBodyMethodProcessor : Writing [Result(code=200, message=success, data={favorite=false})]
2026-04-23 05:32:54.474 DEBUG 12180 --- [nio-8081-exec-4] m.m.a.RequestResponseBodyMethodProcessor : Writing [Result(code=200, message=success, data={favorite=false})]
2026-04-23 05:32:54.474 DEBUG 12180 --- [nio-8081-exec-1] m.m.a.RequestResponseBodyMethodProcessor : Using 'application/json', given [application/json, text/plain, */*] and supported [application/json, application/*+json, application/json, application/*+json]
2026-04-23 05:32:54.475 DEBUG 12180 --- [nio-8081-exec-1] m.m.a.RequestResponseBodyMethodProcessor : Writing [Result(code=200, message=success, data={favorite=false})]
2026-04-23 05:32:54.476 DEBUG 12180 --- [nio-8081-exec-4] o.s.web.servlet.DispatcherServlet        : Completed 200 OK
2026-04-23 05:32:54.476 DEBUG 12180 --- [nio-8081-exec-2] o.s.web.servlet.DispatcherServlet        : Completed 200 OK
2026-04-23 05:32:54.480 DEBUG 12180 --- [nio-8081-exec-1] o.s.web.servlet.DispatcherServlet        : Completed 200 OK
2026-04-23 05:32:54.488 DEBUG 12180 --- [nio-8081-exec-5] o.s.web.servlet.DispatcherServlet        : GET "/api/trade/favorites/2046448787648917508/status", parameters={}
2026-04-23 05:32:54.490 DEBUG 12180 --- [nio-8081-exec-5] s.w.s.m.m.a.RequestMappingHandlerMapping : Mapped to com.evbattery.modules.trade.controller.TradeController#favoriteStatus(Long)
2026-04-23 05:32:54.492 DEBUG 12180 --- [nio-8081-exec-5] o.s.jdbc.core.JdbcTemplate               : Executing prepared SQL query
2026-04-23 05:32:54.492 DEBUG 12180 --- [nio-8081-exec-3] o.s.web.servlet.DispatcherServlet        : GET "/api/trade/favorites/2046448787648917507/status", parameters={}
2026-04-23 05:32:54.492 DEBUG 12180 --- [nio-8081-exec-5] o.s.jdbc.core.JdbcTemplate               : Executing prepared SQL statement [select count(1) from favorite_product where user_id = ? and product_id = ?]
2026-04-23 05:32:54.493 DEBUG 12180 --- [nio-8081-exec-3] s.w.s.m.m.a.RequestMappingHandlerMapping : Mapped to com.evbattery.modules.trade.controller.TradeController#favoriteStatus(Long)
2026-04-23 05:32:54.495 DEBUG 12180 --- [nio-8081-exec-5] m.m.a.RequestResponseBodyMethodProcessor : Using 'application/json', given [application/json, text/plain, */*] and supported [application/json, application/*+json, application/json, application/*+json]
2026-04-23 05:32:54.496 DEBUG 12180 --- [nio-8081-exec-5] m.m.a.RequestResponseBodyMethodProcessor : Writing [Result(code=200, message=success, data={favorite=false})]
2026-04-23 05:32:54.496 DEBUG 12180 --- [nio-8081-exec-3] o.s.jdbc.core.JdbcTemplate               : Executing prepared SQL query
2026-04-23 05:32:54.497 DEBUG 12180 --- [nio-8081-exec-3] o.s.jdbc.core.JdbcTemplate               : Executing prepared SQL statement [select count(1) from favorite_product where user_id = ? and product_id = ?]
2026-04-23 05:32:54.498 DEBUG 12180 --- [nio-8081-exec-5] o.s.web.servlet.DispatcherServlet        : Completed 200 OK
2026-04-23 05:32:54.499 DEBUG 12180 --- [nio-8081-exec-3] m.m.a.RequestResponseBodyMethodProcessor : Using 'application/json', given [application/json, text/plain, */*] and supported [application/json, application/*+json, application/json, application/*+json]
2026-04-23 05:32:54.500 DEBUG 12180 --- [nio-8081-exec-3] m.m.a.RequestResponseBodyMethodProcessor : Writing [Result(code=200, message=success, data={favorite=false})]
2026-04-23 05:32:54.501 DEBUG 12180 --- [nio-8081-exec-3] o.s.web.servlet.DispatcherServlet        : Completed 200 OK
2026-04-23 05:32:54.725 DEBUG 12180 --- [nio-8081-exec-6] o.s.web.servlet.DispatcherServlet        : GET "/api/trade/favorites/2046448787648917506/status", parameters={}
2026-04-23 05:32:54.737 DEBUG 12180 --- [nio-8081-exec-6] s.w.s.m.m.a.RequestMappingHandlerMapping : Mapped to com.evbattery.modules.trade.controller.TradeController#favoriteStatus(Long)
2026-04-23 05:32:54.740 DEBUG 12180 --- [nio-8081-exec-6] o.s.jdbc.core.JdbcTemplate               : Executing prepared SQL query
2026-04-23 05:32:54.740 DEBUG 12180 --- [nio-8081-exec-6] o.s.jdbc.core.JdbcTemplate               : Executing prepared SQL statement [select count(1) from favorite_product where user_id = ? and product_id = ?]
2026-04-23 05:32:54.743 DEBUG 12180 --- [nio-8081-exec-6] m.m.a.RequestResponseBodyMethodProcessor : Using 'application/json', given [application/json, text/plain, */*] and supported [application/json, application/*+json, application/json, application/*+json]
2026-04-23 05:32:54.744 DEBUG 12180 --- [nio-8081-exec-6] m.m.a.RequestResponseBodyMethodProcessor : Writing [Result(code=200, message=success, data={favorite=false})]
2026-04-23 05:32:54.745 DEBUG 12180 --- [nio-8081-exec-6] o.s.web.servlet.DispatcherServlet        : Completed 200 OK
2026-04-23 05:32:56.304 DEBUG 12180 --- [nio-8081-exec-7] o.s.web.servlet.DispatcherServlet        : GET "/api/trade/products?page=1&size=4&sortBy=latest", parameters={masked}
2026-04-23 05:32:56.307 DEBUG 12180 --- [nio-8081-exec-8] o.s.web.servlet.DispatcherServlet        : GET "/api/statistics/trade-trend?days=7", parameters={masked}
2026-04-23 05:32:56.317 DEBUG 12180 --- [nio-8081-exec-8] s.w.s.m.m.a.RequestMappingHandlerMapping : Mapped to com.evbattery.modules.statistics.controller.StatisticsController#tradeTrend(Integer)
2026-04-23 05:32:56.307 DEBUG 12180 --- [nio-8081-exec-9] o.s.web.servlet.DispatcherServlet        : GET "/api/statistics/health-distribution", parameters={}
2026-04-23 05:32:56.320 DEBUG 12180 --- [nio-8081-exec-9] s.w.s.m.m.a.RequestMappingHandlerMapping : Mapped to com.evbattery.modules.statistics.controller.StatisticsController#healthDistribution()
2026-04-23 05:32:56.322 DEBUG 12180 --- [nio-8081-exec-9] o.s.jdbc.core.JdbcTemplate               : Executing SQL query [select ifnull(health_level, 'UNKNOWN') as name, count(1) as value from health_assessment group by health_level order by value desc]
2026-04-23 05:32:56.310 DEBUG 12180 --- [io-8081-exec-10] o.s.web.servlet.DispatcherServlet        : GET "/api/statistics/product-category-distribution", parameters={}
2026-04-23 05:32:56.316 DEBUG 12180 --- [nio-8081-exec-7] s.w.s.m.m.a.RequestMappingHandlerMapping : Mapped to com.evbattery.modules.trade.controller.TradeController#products(Integer, Integer, String, BigDecimal, BigDecimal, String, String, String, String)
2026-04-23 05:32:56.320 DEBUG 12180 --- [nio-8081-exec-8] o.s.jdbc.core.JdbcTemplate               : Executing prepared SQL query
2026-04-23 05:32:56.325 DEBUG 12180 --- [nio-8081-exec-8] o.s.jdbc.core.JdbcTemplate               : Executing prepared SQL statement [select ifnull(sum(amount), 0) from `order` where date(created_at)=?]
2026-04-23 05:32:56.324 DEBUG 12180 --- [io-8081-exec-10] s.w.s.m.m.a.RequestMappingHandlerMapping : Mapped to com.evbattery.modules.statistics.controller.StatisticsController#productCategoryDistribution()
2026-04-23 05:32:56.327 DEBUG 12180 --- [nio-8081-exec-9] m.m.a.RequestResponseBodyMethodProcessor : Using 'application/json', given [application/json, text/plain, */*] and supported [application/json, application/*+json, application/json, application/*+json]
2026-04-23 05:32:56.328 DEBUG 12180 --- [nio-8081-exec-9] m.m.a.RequestResponseBodyMethodProcessor : Writing [Result(code=200, message=success, data=[{name=良好, value=28}, {name=一般, value=14}, {name=优秀, value=10 (truncated)...]
2026-04-23 05:32:56.328 DEBUG 12180 --- [io-8081-exec-10] o.s.jdbc.core.JdbcTemplate               : Executing SQL query [select ifnull(battery_type, 'UNKNOWN') as name, count(1) as value from product where deleted_flag = 0 group by battery_type order by value desc]
2026-04-23 05:32:56.328 DEBUG 12180 --- [nio-8081-exec-8] o.s.jdbc.core.JdbcTemplate               : Executing prepared SQL query
2026-04-23 05:32:56.330 DEBUG 12180 --- [nio-8081-exec-8] o.s.jdbc.core.JdbcTemplate               : Executing prepared SQL statement [select count(1) from `order` where date(created_at)=?]
2026-04-23 05:32:56.330 DEBUG 12180 --- [nio-8081-exec-9] o.s.web.servlet.DispatcherServlet        : Completed 200 OK
2026-04-23 05:32:56.332 DEBUG 12180 --- [io-8081-exec-10] m.m.a.RequestResponseBodyMethodProcessor : Using 'application/json', given [application/json, text/plain, */*] and supported [application/json, application/*+json, application/json, application/*+json]
2026-04-23 05:32:56.332 DEBUG 12180 --- [nio-8081-exec-8] o.s.jdbc.core.JdbcTemplate               : Executing prepared SQL query
2026-04-23 05:32:56.333 DEBUG 12180 --- [nio-8081-exec-7] o.s.jdbc.core.JdbcTemplate               : Executing prepared SQL query
2026-04-23 05:32:56.340 DEBUG 12180 --- [nio-8081-exec-8] o.s.jdbc.core.JdbcTemplate               : Executing prepared SQL statement [select ifnull(sum(amount), 0) from `order` where date(created_at)=?]
2026-04-23 05:32:56.341 DEBUG 12180 --- [nio-8081-exec-7] o.s.jdbc.core.JdbcTemplate               : Executing prepared SQL statement [select count(1) from product p left join battery_record b on p.battery_id = b.id left join user_profile up on p.seller_id = up.user_id left join credit_score cs on p.seller_id = cs.user_id  where p.deleted_flag = 0 and p.draft_flag = 0 and p.publish_status in ('ON_SHELF','SOLD_OUT') ]
2026-04-23 05:32:56.340 DEBUG 12180 --- [io-8081-exec-10] m.m.a.RequestResponseBodyMethodProcessor : Writing [Result(code=200, message=success, data=[{name=磷酸铁锂, value=9}, {name=三元锂, value=2}, {name=????, value (truncated)...]
2026-04-23 05:32:56.342 DEBUG 12180 --- [nio-8081-exec-8] o.s.jdbc.core.JdbcTemplate               : Executing prepared SQL query
2026-04-23 05:32:56.342 DEBUG 12180 --- [nio-8081-exec-8] o.s.jdbc.core.JdbcTemplate               : Executing prepared SQL statement [select count(1) from `order` where date(created_at)=?]
2026-04-23 05:32:56.342 DEBUG 12180 --- [nio-8081-exec-7] o.s.jdbc.core.JdbcTemplate               : Executing prepared SQL query
2026-04-23 05:32:56.343 DEBUG 12180 --- [nio-8081-exec-7] o.s.jdbc.core.JdbcTemplate               : Executing prepared SQL statement [select p.*, b.battery_code as batteryCode, up.nickname as sellerNickname, up.avatar as sellerAvatar, ifnull(cs.score,100) as creditScore  from product p left join battery_record b on p.battery_id = b.id left join user_profile up on p.seller_id = up.user_id left join credit_score cs on p.seller_id = cs.user_id  where p.deleted_flag = 0 and p.draft_flag = 0 and p.publish_status in ('ON_SHELF','SOLD_OUT')  order by  p.id desc  limit ?, ?]
2026-04-23 05:32:56.343 DEBUG 12180 --- [io-8081-exec-10] o.s.web.servlet.DispatcherServlet        : Completed 200 OK
2026-04-23 05:32:56.343 DEBUG 12180 --- [nio-8081-exec-8] o.s.jdbc.core.JdbcTemplate               : Executing prepared SQL query
2026-04-23 05:32:56.345 DEBUG 12180 --- [nio-8081-exec-8] o.s.jdbc.core.JdbcTemplate               : Executing prepared SQL statement [select ifnull(sum(amount), 0) from `order` where date(created_at)=?]
2026-04-23 05:32:56.347 DEBUG 12180 --- [nio-8081-exec-7] m.m.a.RequestResponseBodyMethodProcessor : Using 'application/json', given [application/json, text/plain, */*] and supported [application/json, application/*+json, application/json, application/*+json]
2026-04-23 05:32:56.347 DEBUG 12180 --- [nio-8081-exec-8] o.s.jdbc.core.JdbcTemplate               : Executing prepared SQL query
2026-04-23 05:32:56.348 DEBUG 12180 --- [nio-8081-exec-8] o.s.jdbc.core.JdbcTemplate               : Executing prepared SQL statement [select count(1) from `order` where date(created_at)=?]
2026-04-23 05:32:56.348 DEBUG 12180 --- [nio-8081-exec-7] m.m.a.RequestResponseBodyMethodProcessor : Writing [Result(code=200, message=success, data={records=[{id=2046448787648917513, seller_id=4, battery_id=20 (truncated)...]
2026-04-23 05:32:56.350 DEBUG 12180 --- [nio-8081-exec-8] o.s.jdbc.core.JdbcTemplate               : Executing prepared SQL query
2026-04-23 05:32:56.355 DEBUG 12180 --- [nio-8081-exec-8] o.s.jdbc.core.JdbcTemplate               : Executing prepared SQL statement [select ifnull(sum(amount), 0) from `order` where date(created_at)=?]
2026-04-23 05:32:56.357 DEBUG 12180 --- [nio-8081-exec-7] o.s.web.servlet.DispatcherServlet        : Completed 200 OK
2026-04-23 05:32:56.359 DEBUG 12180 --- [nio-8081-exec-8] o.s.jdbc.core.JdbcTemplate               : Executing prepared SQL query
2026-04-23 05:32:56.359 DEBUG 12180 --- [nio-8081-exec-8] o.s.jdbc.core.JdbcTemplate               : Executing prepared SQL statement [select count(1) from `order` where date(created_at)=?]
2026-04-23 05:32:56.370 DEBUG 12180 --- [nio-8081-exec-8] o.s.jdbc.core.JdbcTemplate               : Executing prepared SQL query
2026-04-23 05:32:56.377 DEBUG 12180 --- [nio-8081-exec-8] o.s.jdbc.core.JdbcTemplate               : Executing prepared SQL statement [select ifnull(sum(amount), 0) from `order` where date(created_at)=?]
2026-04-23 05:32:56.380 DEBUG 12180 --- [nio-8081-exec-8] o.s.jdbc.core.JdbcTemplate               : Executing prepared SQL query
2026-04-23 05:32:56.381 DEBUG 12180 --- [nio-8081-exec-8] o.s.jdbc.core.JdbcTemplate               : Executing prepared SQL statement [select count(1) from `order` where date(created_at)=?]
2026-04-23 05:32:56.382 DEBUG 12180 --- [nio-8081-exec-8] o.s.jdbc.core.JdbcTemplate               : Executing prepared SQL query
2026-04-23 05:32:56.383 DEBUG 12180 --- [nio-8081-exec-8] o.s.jdbc.core.JdbcTemplate               : Executing prepared SQL statement [select ifnull(sum(amount), 0) from `order` where date(created_at)=?]
2026-04-23 05:32:56.385 DEBUG 12180 --- [nio-8081-exec-8] o.s.jdbc.core.JdbcTemplate               : Executing prepared SQL query
2026-04-23 05:32:56.385 DEBUG 12180 --- [nio-8081-exec-8] o.s.jdbc.core.JdbcTemplate               : Executing prepared SQL statement [select count(1) from `order` where date(created_at)=?]
2026-04-23 05:32:56.387 DEBUG 12180 --- [nio-8081-exec-8] o.s.jdbc.core.JdbcTemplate               : Executing prepared SQL query
2026-04-23 05:32:56.388 DEBUG 12180 --- [nio-8081-exec-8] o.s.jdbc.core.JdbcTemplate               : Executing prepared SQL statement [select ifnull(sum(amount), 0) from `order` where date(created_at)=?]
2026-04-23 05:32:56.389 DEBUG 12180 --- [nio-8081-exec-8] o.s.jdbc.core.JdbcTemplate               : Executing prepared SQL query
2026-04-23 05:32:56.390 DEBUG 12180 --- [nio-8081-exec-8] o.s.jdbc.core.JdbcTemplate               : Executing prepared SQL statement [select count(1) from `order` where date(created_at)=?]
2026-04-23 05:32:56.392 DEBUG 12180 --- [nio-8081-exec-8] m.m.a.RequestResponseBodyMethodProcessor : Using 'application/json', given [application/json, text/plain, */*] and supported [application/json, application/*+json, application/json, application/*+json]
2026-04-23 05:32:56.393 DEBUG 12180 --- [nio-8081-exec-8] m.m.a.RequestResponseBodyMethodProcessor : Writing [Result(code=200, message=success, data={xAxis=[2026-04-17, 2026-04-18, 2026-04-19, 2026-04-20, 2026- (truncated)...]
2026-04-23 05:32:56.395 DEBUG 12180 --- [nio-8081-exec-8] o.s.web.servlet.DispatcherServlet        : Completed 200 OK
2026-04-23 05:32:59.042 DEBUG 12180 --- [nio-8081-exec-4] o.s.web.servlet.DispatcherServlet        : POST "/api/assistant/stream", parameters={}
2026-04-23 05:32:59.043 DEBUG 12180 --- [nio-8081-exec-4] s.w.s.m.m.a.RequestMappingHandlerMapping : Mapped to com.evbattery.modules.assistant.controller.AssistantController#stream(Map)
2026-04-23 05:32:59.046 DEBUG 12180 --- [nio-8081-exec-4] m.m.a.RequestResponseBodyMethodProcessor : Read "application/json;charset=UTF-8" to [{question=怎么查物流, history=[{role=assistant, content=你好，我在这儿。你可以直接问我支付、物流、合同或评估问题。}, {role=user, conte (truncated)...]
2026-04-23 05:32:59.048 DEBUG 12180 --- [nio-8081-exec-4] o.s.w.c.request.async.WebAsyncManager    : Started async request
2026-04-23 05:32:59.048 DEBUG 12180 --- [nio-8081-exec-4] o.s.web.servlet.DispatcherServlet        : Exiting but response remains open for further handling
2026-04-23 05:33:18.986 DEBUG 12180 --- [ssistant-stream] o.s.w.c.request.async.WebAsyncManager    : Async result set, dispatch to /api/assistant/stream
2026-04-23 05:33:18.993 DEBUG 12180 --- [nio-8081-exec-1] o.s.web.servlet.DispatcherServlet        : "ASYNC" dispatch for POST "/api/assistant/stream", parameters={}
2026-04-23 05:33:18.994 DEBUG 12180 --- [nio-8081-exec-1] s.w.s.m.m.a.RequestMappingHandlerAdapter : Resume with async result []
2026-04-23 05:33:18.995 DEBUG 12180 --- [nio-8081-exec-1] o.s.web.servlet.DispatcherServlet        : Exiting from "ASYNC" dispatch, status 200
2026-04-23 05:34:05.320 DEBUG 12180 --- [nio-8081-exec-2] o.s.web.servlet.DispatcherServlet        : POST "/api/assistant/stream", parameters={}
2026-04-23 05:34:05.322 DEBUG 12180 --- [nio-8081-exec-2] s.w.s.m.m.a.RequestMappingHandlerMapping : Mapped to com.evbattery.modules.assistant.controller.AssistantController#stream(Map)
2026-04-23 05:34:05.324 DEBUG 12180 --- [nio-8081-exec-2] m.m.a.RequestResponseBodyMethodProcessor : Read "application/json;charset=UTF-8" to [{question=你是什么模型？, history=[{role=assistant, content=你好，我在这儿。你可以直接问我支付、物流、合同或评估问题。}, {role=user, con (truncated)...]
2026-04-23 05:34:05.326 DEBUG 12180 --- [nio-8081-exec-2] o.s.w.c.request.async.WebAsyncManager    : Started async request
2026-04-23 05:34:05.327 DEBUG 12180 --- [nio-8081-exec-2] o.s.web.servlet.DispatcherServlet        : Exiting but response remains open for further handling
2026-04-23 05:34:21.446 DEBUG 12180 --- [ssistant-stream] o.s.w.c.request.async.WebAsyncManager    : Async result set, dispatch to /api/assistant/stream
2026-04-23 05:34:21.452 DEBUG 12180 --- [nio-8081-exec-5] o.s.web.servlet.DispatcherServlet        : "ASYNC" dispatch for POST "/api/assistant/stream", parameters={}
2026-04-23 05:34:21.453 DEBUG 12180 --- [nio-8081-exec-5] s.w.s.m.m.a.RequestMappingHandlerAdapter : Resume with async result []
2026-04-23 05:34:21.455 DEBUG 12180 --- [nio-8081-exec-5] o.s.web.servlet.DispatcherServlet        : Exiting from "ASYNC" dispatch, status 200
2026-04-23 05:36:14.100 DEBUG 12180 --- [nio-8081-exec-3] o.s.web.servlet.DispatcherServlet        : POST "/api/assistant/stream", parameters={}
2026-04-23 05:36:14.103 DEBUG 12180 --- [nio-8081-exec-3] s.w.s.m.m.a.RequestMappingHandlerMapping : Mapped to com.evbattery.modules.assistant.controller.AssistantController#stream(Map)
2026-04-23 05:36:14.108 DEBUG 12180 --- [nio-8081-exec-3] m.m.a.RequestResponseBodyMethodProcessor : Read "application/json;charset=UTF-8" to [{question=回复四个字：外部模型。, history=[{role=assistant, content=你好，我在这儿。你可以直接问我支付、物流、合同或评估问题。}, {role=user, (truncated)...]
2026-04-23 05:36:14.111 DEBUG 12180 --- [nio-8081-exec-3] o.s.w.c.request.async.WebAsyncManager    : Started async request
2026-04-23 05:36:14.113 DEBUG 12180 --- [nio-8081-exec-3] o.s.web.servlet.DispatcherServlet        : Exiting but response remains open for further handling
2026-04-23 05:36:23.334 DEBUG 12180 --- [ssistant-stream] o.s.w.c.request.async.WebAsyncManager    : Async result set, dispatch to /api/assistant/stream
2026-04-23 05:36:23.339 DEBUG 12180 --- [nio-8081-exec-6] o.s.web.servlet.DispatcherServlet        : "ASYNC" dispatch for POST "/api/assistant/stream", parameters={}
2026-04-23 05:36:23.340 DEBUG 12180 --- [nio-8081-exec-6] s.w.s.m.m.a.RequestMappingHandlerAdapter : Resume with async result []
2026-04-23 05:36:23.341 DEBUG 12180 --- [nio-8081-exec-6] o.s.web.servlet.DispatcherServlet        : Exiting from "ASYNC" dispatch, status 200
2026-04-23 05:36:30.244 DEBUG 12180 --- [nio-8081-exec-9] o.s.web.servlet.DispatcherServlet        : GET "/api/battery/statistics", parameters={}
2026-04-23 05:36:30.245 DEBUG 12180 --- [nio-8081-exec-9] s.w.s.m.m.a.RequestMappingHandlerMapping : Mapped to com.evbattery.modules.battery.controller.BatteryController#statistics()
2026-04-23 05:36:30.248 DEBUG 12180 --- [nio-8081-exec-9] o.s.jdbc.core.JdbcTemplate               : Executing prepared SQL query
2026-04-23 05:36:30.249 DEBUG 12180 --- [nio-8081-exec-9] o.s.jdbc.core.JdbcTemplate               : Executing prepared SQL statement [select count(1) from battery_record where is_deleted = 0 and created_by = ?]
2026-04-23 05:36:30.253 DEBUG 12180 --- [nio-8081-exec-9] o.s.jdbc.core.JdbcTemplate               : Executing prepared SQL query
2026-04-23 05:36:30.254 DEBUG 12180 --- [nio-8081-exec-9] o.s.jdbc.core.JdbcTemplate               : Executing prepared SQL statement [select status as itemKey, count(1) as itemCount from battery_record where is_deleted = 0 and created_by = ? group by status]
2026-04-23 05:36:30.257 DEBUG 12180 --- [nio-8081-exec-9] o.s.jdbc.core.JdbcTemplate               : Executing prepared SQL query
2026-04-23 05:36:30.257 DEBUG 12180 --- [nio-8081-exec-9] o.s.jdbc.core.JdbcTemplate               : Executing prepared SQL statement [select source_type as itemKey, count(1) as itemCount from battery_record where is_deleted = 0 and created_by = ? group by source_type]
2026-04-23 05:36:30.260 DEBUG 12180 --- [nio-8081-exec-9] o.s.jdbc.core.JdbcTemplate               : Executing prepared SQL query
2026-04-23 05:36:30.261 DEBUG 12180 --- [nio-8081-exec-9] o.s.jdbc.core.JdbcTemplate               : Executing prepared SQL statement [select avg(x.health_score) from (select ha.* from health_assessment ha join (select battery_id, max(id) as max_id from health_assessment group by battery_id) latest on latest.max_id = ha.id) x join battery_record br on br.id = x.battery_id where br.is_deleted = 0 and br.created_by = ?]
2026-04-23 05:36:30.265 DEBUG 12180 --- [nio-8081-exec-9] o.s.jdbc.core.JdbcTemplate               : Executing prepared SQL query
2026-04-23 05:36:30.265 DEBUG 12180 --- [nio-8081-exec-9] o.s.jdbc.core.JdbcTemplate               : Executing prepared SQL statement [select count(1) from battery_draft where user_id = ?]
2026-04-23 05:36:30.269 DEBUG 12180 --- [nio-8081-exec-9] m.m.a.RequestResponseBodyMethodProcessor : Using 'application/json', given [application/json, text/plain, */*] and supported [application/json, application/*+json, application/json, application/*+json]
2026-04-23 05:36:30.270 DEBUG 12180 --- [nio-8081-exec-9] m.m.a.RequestResponseBodyMethodProcessor : Writing [Result(code=200, message=success, data={total=4, statusCounts={ASSESSED=1, PENDING_ASSESSMENT=3}, so (truncated)...]
2026-04-23 05:36:30.272 DEBUG 12180 --- [nio-8081-exec-9] o.s.web.servlet.DispatcherServlet        : Completed 200 OK
2026-04-23 05:36:30.562 DEBUG 12180 --- [io-8081-exec-10] o.s.web.servlet.DispatcherServlet        : GET "/api/battery/list?page=1&size=12", parameters={masked}
2026-04-23 05:36:30.563 DEBUG 12180 --- [io-8081-exec-10] s.w.s.m.m.a.RequestMappingHandlerMapping : Mapped to com.evbattery.modules.battery.controller.BatteryController#list(Integer, Integer, String, List, List, BigDecimal, BigDecimal, BigDecimal, BigDecimal, Integer, Integer, BigDecimal, BigDecimal, List, String, String, String, String, String)
2026-04-23 05:36:30.573 DEBUG 12180 --- [io-8081-exec-10] o.s.jdbc.core.JdbcTemplate               : Executing prepared SQL query
2026-04-23 05:36:30.575 DEBUG 12180 --- [io-8081-exec-10] o.s.jdbc.core.JdbcTemplate               : Executing prepared SQL statement [select count(1) from battery_record br  where br.is_deleted = 0 and br.created_by = ? ]
2026-04-23 05:36:30.578 DEBUG 12180 --- [io-8081-exec-10] o.s.jdbc.core.JdbcTemplate               : Executing prepared SQL query
2026-04-23 05:36:30.578 DEBUG 12180 --- [io-8081-exec-10] o.s.jdbc.core.JdbcTemplate               : Executing prepared SQL statement [select br.id as id, br.battery_code as batteryCode, br.source_type as sourceType, br.bms_raw_file_path as bmsRawFilePath, br.feature_json as featureJson, br.audit_status as auditStatus, br.status as status, br.remark as remark, br.created_by as createdBy, br.voltage as voltage, br.capacity_retention_rate as capacityRetentionRate, br.internal_resistance_ratio as internalResistanceRatio, br.cycle_count as cycleCount, br.avg_temperature as avgTemperature, br.created_at as createdAt, br.updated_at as updatedAt, la.health_score as latestHealthScore, la.health_level as latestHealthLevel, la.assessment_time as latestAssessmentTime from battery_record br left join (select ha.* from health_assessment ha join (select battery_id, max(id) as max_id from health_assessment group by battery_id) latest on latest.max_id = ha.id) la on la.battery_id = br.id  where br.is_deleted = 0 and br.created_by = ?  order by br.created_at desc limit ?, ?]
2026-04-23 05:36:30.581 DEBUG 12180 --- [io-8081-exec-10] o.s.jdbc.core.JdbcTemplate               : Executing prepared SQL query
2026-04-23 05:36:30.582 DEBUG 12180 --- [io-8081-exec-10] o.s.jdbc.core.JdbcTemplate               : Executing prepared SQL statement [select btr.battery_id as batteryId, t.id as id, t.name as name, t.color as color from battery_tag_relation btr join tag t on t.id = btr.tag_id where btr.battery_id in (?, ?, ?, ?)]
2026-04-23 05:36:30.585 DEBUG 12180 --- [io-8081-exec-10] m.m.a.RequestResponseBodyMethodProcessor : Using 'application/json', given [application/json, text/plain, */*] and supported [application/json, application/*+json, application/json, application/*+json]
2026-04-23 05:36:30.587 DEBUG 12180 --- [io-8081-exec-10] m.m.a.RequestResponseBodyMethodProcessor : Writing [Result(code=200, message=success, data={records=[{id=2, batteryCode=EVB-DEMO-002, sourceType=换电站, bm (truncated)...]
2026-04-23 05:36:30.590 DEBUG 12180 --- [io-8081-exec-10] o.s.web.servlet.DispatcherServlet        : Completed 200 OK
2026-04-23 05:36:36.242 DEBUG 12180 --- [nio-8081-exec-7] o.s.web.servlet.DispatcherServlet        : GET "/api/battery/list?page=1&size=200", parameters={masked}
2026-04-23 05:36:36.243 DEBUG 12180 --- [nio-8081-exec-7] s.w.s.m.m.a.RequestMappingHandlerMapping : Mapped to com.evbattery.modules.battery.controller.BatteryController#list(Integer, Integer, String, List, List, BigDecimal, BigDecimal, BigDecimal, BigDecimal, Integer, Integer, BigDecimal, BigDecimal, List, String, String, String, String, String)
2026-04-23 05:36:36.250 DEBUG 12180 --- [nio-8081-exec-7] o.s.jdbc.core.JdbcTemplate               : Executing prepared SQL query
2026-04-23 05:36:36.251 DEBUG 12180 --- [nio-8081-exec-7] o.s.jdbc.core.JdbcTemplate               : Executing prepared SQL statement [select count(1) from battery_record br  where br.is_deleted = 0 and br.created_by = ? ]
2026-04-23 05:36:36.262 DEBUG 12180 --- [nio-8081-exec-7] o.s.jdbc.core.JdbcTemplate               : Executing prepared SQL query
2026-04-23 05:36:36.264 DEBUG 12180 --- [nio-8081-exec-7] o.s.jdbc.core.JdbcTemplate               : Executing prepared SQL statement [select br.id as id, br.battery_code as batteryCode, br.source_type as sourceType, br.bms_raw_file_path as bmsRawFilePath, br.feature_json as featureJson, br.audit_status as auditStatus, br.status as status, br.remark as remark, br.created_by as createdBy, br.voltage as voltage, br.capacity_retention_rate as capacityRetentionRate, br.internal_resistance_ratio as internalResistanceRatio, br.cycle_count as cycleCount, br.avg_temperature as avgTemperature, br.created_at as createdAt, br.updated_at as updatedAt, la.health_score as latestHealthScore, la.health_level as latestHealthLevel, la.assessment_time as latestAssessmentTime from battery_record br left join (select ha.* from health_assessment ha join (select battery_id, max(id) as max_id from health_assessment group by battery_id) latest on latest.max_id = ha.id) la on la.battery_id = br.id  where br.is_deleted = 0 and br.created_by = ?  order by br.created_at desc limit ?, ?]
2026-04-23 05:36:36.267 DEBUG 12180 --- [nio-8081-exec-7] o.s.jdbc.core.JdbcTemplate               : Executing prepared SQL query
2026-04-23 05:36:36.268 DEBUG 12180 --- [nio-8081-exec-7] o.s.jdbc.core.JdbcTemplate               : Executing prepared SQL statement [select btr.battery_id as batteryId, t.id as id, t.name as name, t.color as color from battery_tag_relation btr join tag t on t.id = btr.tag_id where btr.battery_id in (?, ?, ?, ?)]
2026-04-23 05:36:36.273 DEBUG 12180 --- [nio-8081-exec-7] m.m.a.RequestResponseBodyMethodProcessor : Using 'application/json', given [application/json, text/plain, */*] and supported [application/json, application/*+json, application/json, application/*+json]
2026-04-23 05:36:36.274 DEBUG 12180 --- [nio-8081-exec-7] m.m.a.RequestResponseBodyMethodProcessor : Writing [Result(code=200, message=success, data={records=[{id=2, batteryCode=EVB-DEMO-002, sourceType=换电站, bm (truncated)...]
2026-04-23 05:36:36.277 DEBUG 12180 --- [nio-8081-exec-7] o.s.web.servlet.DispatcherServlet        : Completed 200 OK
2026-04-23 05:36:36.747 DEBUG 12180 --- [nio-8081-exec-8] o.s.web.servlet.DispatcherServlet        : GET "/api/trade/products?page=1&size=8&keyword=&healthLevel=&batteryType=&sortBy=", parameters={masked}
2026-04-23 05:36:36.753 DEBUG 12180 --- [nio-8081-exec-8] s.w.s.m.m.a.RequestMappingHandlerMapping : Mapped to com.evbattery.modules.trade.controller.TradeController#products(Integer, Integer, String, BigDecimal, BigDecimal, String, String, String, String)
2026-04-23 05:36:36.755 DEBUG 12180 --- [nio-8081-exec-8] o.s.jdbc.core.JdbcTemplate               : Executing prepared SQL query
2026-04-23 05:36:36.756 DEBUG 12180 --- [nio-8081-exec-8] o.s.jdbc.core.JdbcTemplate               : Executing prepared SQL statement [select count(1) from product p left join battery_record b on p.battery_id = b.id left join user_profile up on p.seller_id = up.user_id left join credit_score cs on p.seller_id = cs.user_id  where p.deleted_flag = 0 and p.draft_flag = 0 and p.publish_status in ('ON_SHELF','SOLD_OUT') ]
2026-04-23 05:36:36.760 DEBUG 12180 --- [nio-8081-exec-8] o.s.jdbc.core.JdbcTemplate               : Executing prepared SQL query
2026-04-23 05:36:36.762 DEBUG 12180 --- [nio-8081-exec-8] o.s.jdbc.core.JdbcTemplate               : Executing prepared SQL statement [select p.*, b.battery_code as batteryCode, up.nickname as sellerNickname, up.avatar as sellerAvatar, ifnull(cs.score,100) as creditScore  from product p left join battery_record b on p.battery_id = b.id left join user_profile up on p.seller_id = up.user_id left join credit_score cs on p.seller_id = cs.user_id  where p.deleted_flag = 0 and p.draft_flag = 0 and p.publish_status in ('ON_SHELF','SOLD_OUT')  order by  p.favorite_count desc, p.id desc  limit ?, ?]
2026-04-23 05:36:36.767 DEBUG 12180 --- [nio-8081-exec-8] m.m.a.RequestResponseBodyMethodProcessor : Using 'application/json', given [application/json, text/plain, */*] and supported [application/json, application/*+json, application/json, application/*+json]
2026-04-23 05:36:36.768 DEBUG 12180 --- [nio-8081-exec-8] m.m.a.RequestResponseBodyMethodProcessor : Writing [Result(code=200, message=success, data={records=[{id=2046448787648917513, seller_id=4, battery_id=20 (truncated)...]
2026-04-23 05:36:36.770 DEBUG 12180 --- [nio-8081-exec-8] o.s.web.servlet.DispatcherServlet        : Completed 200 OK
2026-04-23 05:36:37.058 DEBUG 12180 --- [nio-8081-exec-4] o.s.web.servlet.DispatcherServlet        : GET "/api/trade/cart", parameters={}
2026-04-23 05:36:37.060 DEBUG 12180 --- [nio-8081-exec-4] s.w.s.m.m.a.RequestMappingHandlerMapping : Mapped to com.evbattery.modules.trade.controller.TradeController#cartList()
2026-04-23 05:36:37.062 DEBUG 12180 --- [nio-8081-exec-4] o.s.jdbc.core.JdbcTemplate               : Executing prepared SQL query
2026-04-23 05:36:37.063 DEBUG 12180 --- [nio-8081-exec-4] o.s.jdbc.core.JdbcTemplate               : Executing prepared SQL statement [select c.id as cartId, c.product_id as productId, c.quantity, c.checked_flag as checkedFlag, p.id as id, p.*, if(p.stock < c.quantity or p.publish_status <> 'ON_SHELF', 1, 0) as invalidFlag from cart_item c join product p on c.product_id = p.id where c.user_id = ? order by c.id desc]
2026-04-23 05:36:37.066 DEBUG 12180 --- [nio-8081-exec-4] m.m.a.RequestResponseBodyMethodProcessor : Using 'application/json', given [application/json, text/plain, */*] and supported [application/json, application/*+json, application/json, application/*+json]
2026-04-23 05:36:37.067 DEBUG 12180 --- [nio-8081-exec-4] m.m.a.RequestResponseBodyMethodProcessor : Writing [Result(code=200, message=success, data=[{cartId=3, productId=2046448787648917512, quantity=1, checke (truncated)...]
2026-04-23 05:36:37.068 DEBUG 12180 --- [nio-8081-exec-4] o.s.web.servlet.DispatcherServlet        : Completed 200 OK
2026-04-23 05:36:37.112 DEBUG 12180 --- [nio-8081-exec-1] o.s.web.servlet.DispatcherServlet        : GET "/api/trade/favorites/2046448787648917513/status", parameters={}
2026-04-23 05:36:37.112 DEBUG 12180 --- [nio-8081-exec-2] o.s.web.servlet.DispatcherServlet        : GET "/api/trade/favorites/2046448787648917512/status", parameters={}
2026-04-23 05:36:37.114 DEBUG 12180 --- [nio-8081-exec-2] s.w.s.m.m.a.RequestMappingHandlerMapping : Mapped to com.evbattery.modules.trade.controller.TradeController#favoriteStatus(Long)
2026-04-23 05:36:37.114 DEBUG 12180 --- [nio-8081-exec-1] s.w.s.m.m.a.RequestMappingHandlerMapping : Mapped to com.evbattery.modules.trade.controller.TradeController#favoriteStatus(Long)
2026-04-23 05:36:37.116 DEBUG 12180 --- [nio-8081-exec-2] o.s.jdbc.core.JdbcTemplate               : Executing prepared SQL query
2026-04-23 05:36:37.116 DEBUG 12180 --- [nio-8081-exec-1] o.s.jdbc.core.JdbcTemplate               : Executing prepared SQL query
2026-04-23 05:36:37.116 DEBUG 12180 --- [nio-8081-exec-2] o.s.jdbc.core.JdbcTemplate               : Executing prepared SQL statement [select count(1) from favorite_product where user_id = ? and product_id = ?]
2026-04-23 05:36:37.117 DEBUG 12180 --- [nio-8081-exec-1] o.s.jdbc.core.JdbcTemplate               : Executing prepared SQL statement [select count(1) from favorite_product where user_id = ? and product_id = ?]
2026-04-23 05:36:37.121 DEBUG 12180 --- [nio-8081-exec-5] o.s.web.servlet.DispatcherServlet        : GET "/api/trade/favorites/2046448787648917511/status", parameters={}
2026-04-23 05:36:37.122 DEBUG 12180 --- [nio-8081-exec-3] o.s.web.servlet.DispatcherServlet        : GET "/api/trade/favorites/2046448787648917510/status", parameters={}
2026-04-23 05:36:37.122 DEBUG 12180 --- [nio-8081-exec-5] s.w.s.m.m.a.RequestMappingHandlerMapping : Mapped to com.evbattery.modules.trade.controller.TradeController#favoriteStatus(Long)
2026-04-23 05:36:37.124 DEBUG 12180 --- [nio-8081-exec-2] m.m.a.RequestResponseBodyMethodProcessor : Using 'application/json', given [application/json, text/plain, */*] and supported [application/json, application/*+json, application/json, application/*+json]
2026-04-23 05:36:37.124 DEBUG 12180 --- [nio-8081-exec-3] s.w.s.m.m.a.RequestMappingHandlerMapping : Mapped to com.evbattery.modules.trade.controller.TradeController#favoriteStatus(Long)
2026-04-23 05:36:37.124 DEBUG 12180 --- [nio-8081-exec-1] m.m.a.RequestResponseBodyMethodProcessor : Using 'application/json', given [application/json, text/plain, */*] and supported [application/json, application/*+json, application/json, application/*+json]
2026-04-23 05:36:37.125 DEBUG 12180 --- [nio-8081-exec-2] m.m.a.RequestResponseBodyMethodProcessor : Writing [Result(code=200, message=success, data={favorite=false})]
2026-04-23 05:36:37.125 DEBUG 12180 --- [nio-8081-exec-6] o.s.web.servlet.DispatcherServlet        : GET "/api/trade/favorites/2046448787648917509/status", parameters={}
2026-04-23 05:36:37.126 DEBUG 12180 --- [nio-8081-exec-5] o.s.jdbc.core.JdbcTemplate               : Executing prepared SQL query
2026-04-23 05:36:37.127 DEBUG 12180 --- [nio-8081-exec-5] o.s.jdbc.core.JdbcTemplate               : Executing prepared SQL statement [select count(1) from favorite_product where user_id = ? and product_id = ?]
2026-04-23 05:36:37.126 DEBUG 12180 --- [nio-8081-exec-1] m.m.a.RequestResponseBodyMethodProcessor : Writing [Result(code=200, message=success, data={favorite=false})]
2026-04-23 05:36:37.126 DEBUG 12180 --- [nio-8081-exec-3] o.s.jdbc.core.JdbcTemplate               : Executing prepared SQL query
2026-04-23 05:36:37.128 DEBUG 12180 --- [nio-8081-exec-3] o.s.jdbc.core.JdbcTemplate               : Executing prepared SQL statement [select count(1) from favorite_product where user_id = ? and product_id = ?]
2026-04-23 05:36:37.128 DEBUG 12180 --- [nio-8081-exec-6] s.w.s.m.m.a.RequestMappingHandlerMapping : Mapped to com.evbattery.modules.trade.controller.TradeController#favoriteStatus(Long)
2026-04-23 05:36:37.128 DEBUG 12180 --- [nio-8081-exec-2] o.s.web.servlet.DispatcherServlet        : Completed 200 OK
2026-04-23 05:36:37.129 DEBUG 12180 --- [nio-8081-exec-5] m.m.a.RequestResponseBodyMethodProcessor : Using 'application/json', given [application/json, text/plain, */*] and supported [application/json, application/*+json, application/json, application/*+json]
2026-04-23 05:36:37.129 DEBUG 12180 --- [nio-8081-exec-1] o.s.web.servlet.DispatcherServlet        : Completed 200 OK
2026-04-23 05:36:37.131 DEBUG 12180 --- [nio-8081-exec-5] m.m.a.RequestResponseBodyMethodProcessor : Writing [Result(code=200, message=success, data={favorite=false})]
2026-04-23 05:36:37.132 DEBUG 12180 --- [nio-8081-exec-6] o.s.jdbc.core.JdbcTemplate               : Executing prepared SQL query
2026-04-23 05:36:37.132 DEBUG 12180 --- [nio-8081-exec-3] m.m.a.RequestResponseBodyMethodProcessor : Using 'application/json', given [application/json, text/plain, */*] and supported [application/json, application/*+json, application/json, application/*+json]
2026-04-23 05:36:37.134 DEBUG 12180 --- [nio-8081-exec-6] o.s.jdbc.core.JdbcTemplate               : Executing prepared SQL statement [select count(1) from favorite_product where user_id = ? and product_id = ?]
2026-04-23 05:36:37.134 DEBUG 12180 --- [nio-8081-exec-3] m.m.a.RequestResponseBodyMethodProcessor : Writing [Result(code=200, message=success, data={favorite=false})]
2026-04-23 05:36:37.134 DEBUG 12180 --- [nio-8081-exec-5] o.s.web.servlet.DispatcherServlet        : Completed 200 OK
2026-04-23 05:36:37.136 DEBUG 12180 --- [nio-8081-exec-3] o.s.web.servlet.DispatcherServlet        : Completed 200 OK
2026-04-23 05:36:37.139 DEBUG 12180 --- [nio-8081-exec-6] m.m.a.RequestResponseBodyMethodProcessor : Using 'application/json', given [application/json, text/plain, */*] and supported [application/json, application/*+json, application/json, application/*+json]
2026-04-23 05:36:37.140 DEBUG 12180 --- [nio-8081-exec-6] m.m.a.RequestResponseBodyMethodProcessor : Writing [Result(code=200, message=success, data={favorite=false})]
2026-04-23 05:36:37.141 DEBUG 12180 --- [nio-8081-exec-6] o.s.web.servlet.DispatcherServlet        : Completed 200 OK
2026-04-23 05:36:37.397 DEBUG 12180 --- [nio-8081-exec-9] o.s.web.servlet.DispatcherServlet        : GET "/api/trade/favorites/2046448787648917508/status", parameters={}
2026-04-23 05:36:37.399 DEBUG 12180 --- [nio-8081-exec-9] s.w.s.m.m.a.RequestMappingHandlerMapping : Mapped to com.evbattery.modules.trade.controller.TradeController#favoriteStatus(Long)
2026-04-23 05:36:37.400 DEBUG 12180 --- [nio-8081-exec-9] o.s.jdbc.core.JdbcTemplate               : Executing prepared SQL query
2026-04-23 05:36:37.401 DEBUG 12180 --- [nio-8081-exec-9] o.s.jdbc.core.JdbcTemplate               : Executing prepared SQL statement [select count(1) from favorite_product where user_id = ? and product_id = ?]
2026-04-23 05:36:37.404 DEBUG 12180 --- [nio-8081-exec-9] m.m.a.RequestResponseBodyMethodProcessor : Using 'application/json', given [application/json, text/plain, */*] and supported [application/json, application/*+json, application/json, application/*+json]
2026-04-23 05:36:37.404 DEBUG 12180 --- [nio-8081-exec-9] m.m.a.RequestResponseBodyMethodProcessor : Writing [Result(code=200, message=success, data={favorite=false})]
2026-04-23 05:36:37.406 DEBUG 12180 --- [nio-8081-exec-9] o.s.web.servlet.DispatcherServlet        : Completed 200 OK
2026-04-23 05:36:37.460 DEBUG 12180 --- [io-8081-exec-10] o.s.web.servlet.DispatcherServlet        : GET "/api/trade/favorites/2046448787648917507/status", parameters={}
2026-04-23 05:36:37.460 DEBUG 12180 --- [nio-8081-exec-7] o.s.web.servlet.DispatcherServlet        : GET "/api/trade/favorites/2046448787648917506/status", parameters={}
2026-04-23 05:36:37.462 DEBUG 12180 --- [io-8081-exec-10] s.w.s.m.m.a.RequestMappingHandlerMapping : Mapped to com.evbattery.modules.trade.controller.TradeController#favoriteStatus(Long)
2026-04-23 05:36:37.462 DEBUG 12180 --- [nio-8081-exec-7] s.w.s.m.m.a.RequestMappingHandlerMapping : Mapped to com.evbattery.modules.trade.controller.TradeController#favoriteStatus(Long)
2026-04-23 05:36:37.465 DEBUG 12180 --- [io-8081-exec-10] o.s.jdbc.core.JdbcTemplate               : Executing prepared SQL query
2026-04-23 05:36:37.465 DEBUG 12180 --- [nio-8081-exec-7] o.s.jdbc.core.JdbcTemplate               : Executing prepared SQL query
2026-04-23 05:36:37.465 DEBUG 12180 --- [io-8081-exec-10] o.s.jdbc.core.JdbcTemplate               : Executing prepared SQL statement [select count(1) from favorite_product where user_id = ? and product_id = ?]
2026-04-23 05:36:37.466 DEBUG 12180 --- [nio-8081-exec-7] o.s.jdbc.core.JdbcTemplate               : Executing prepared SQL statement [select count(1) from favorite_product where user_id = ? and product_id = ?]
2026-04-23 05:36:37.468 DEBUG 12180 --- [io-8081-exec-10] m.m.a.RequestResponseBodyMethodProcessor : Using 'application/json', given [application/json, text/plain, */*] and supported [application/json, application/*+json, application/json, application/*+json]
2026-04-23 05:36:37.468 DEBUG 12180 --- [nio-8081-exec-7] m.m.a.RequestResponseBodyMethodProcessor : Using 'application/json', given [application/json, text/plain, */*] and supported [application/json, application/*+json, application/json, application/*+json]
2026-04-23 05:36:37.470 DEBUG 12180 --- [io-8081-exec-10] m.m.a.RequestResponseBodyMethodProcessor : Writing [Result(code=200, message=success, data={favorite=false})]
2026-04-23 05:36:37.470 DEBUG 12180 --- [nio-8081-exec-7] m.m.a.RequestResponseBodyMethodProcessor : Writing [Result(code=200, message=success, data={favorite=false})]
2026-04-23 05:36:37.473 DEBUG 12180 --- [nio-8081-exec-7] o.s.web.servlet.DispatcherServlet        : Completed 200 OK
2026-04-23 05:36:37.473 DEBUG 12180 --- [io-8081-exec-10] o.s.web.servlet.DispatcherServlet        : Completed 200 OK
2026-04-23 05:36:37.831 DEBUG 12180 --- [nio-8081-exec-8] o.s.web.servlet.DispatcherServlet        : GET "/api/trade/orders?tab=ALL", parameters={masked}
2026-04-23 05:36:37.831 DEBUG 12180 --- [nio-8081-exec-8] s.w.s.m.m.a.RequestMappingHandlerMapping : Mapped to com.evbattery.modules.trade.controller.TradeController#orders(String)
2026-04-23 05:36:37.834 DEBUG 12180 --- [nio-8081-exec-8] o.s.jdbc.core.JdbcTemplate               : Executing prepared SQL query
2026-04-23 05:36:37.835 DEBUG 12180 --- [nio-8081-exec-8] o.s.jdbc.core.JdbcTemplate               : Executing prepared SQL statement [select * from `order` where (buyer_id = ? or seller_id = ?)  order by id desc]
2026-04-23 05:36:37.840 DEBUG 12180 --- [nio-8081-exec-8] o.s.jdbc.core.JdbcTemplate               : Executing prepared SQL query
2026-04-23 05:36:37.841 DEBUG 12180 --- [nio-8081-exec-8] o.s.jdbc.core.JdbcTemplate               : Executing prepared SQL statement [select score, content, created_at as createdAt from product_review where order_id = ?]
2026-04-23 05:36:37.844 DEBUG 12180 --- [nio-8081-exec-8] m.m.a.RequestResponseBodyMethodProcessor : Using 'application/json', given [application/json, text/plain, */*] and supported [application/json, application/*+json, application/json, application/*+json]
2026-04-23 05:36:37.847 DEBUG 12180 --- [nio-8081-exec-8] m.m.a.RequestResponseBodyMethodProcessor : Writing [Result(code=200, message=success, data=[{id=2046661053979774978, order_no=OD177679699496120464487876 (truncated)...]
2026-04-23 05:36:37.850 DEBUG 12180 --- [nio-8081-exec-8] o.s.web.servlet.DispatcherServlet        : Completed 200 OK
2026-04-23 05:36:43.940 DEBUG 12180 --- [nio-8081-exec-4] o.s.web.servlet.DispatcherServlet        : POST "/api/user/login", parameters={}
2026-04-23 05:36:43.941 DEBUG 12180 --- [nio-8081-exec-4] s.w.s.m.m.a.RequestMappingHandlerMapping : Mapped to com.evbattery.modules.user.controller.UserController#login(Map)
2026-04-23 05:36:43.943 DEBUG 12180 --- [nio-8081-exec-4] m.m.a.RequestResponseBodyMethodProcessor : Read "application/json;charset=UTF-8" to [{username=test, password=123456}]
2026-04-23 05:36:44.060 DEBUG 12180 --- [nio-8081-exec-4] o.s.jdbc.core.JdbcTemplate               : Executing prepared SQL query
2026-04-23 05:36:44.061 DEBUG 12180 --- [nio-8081-exec-4] o.s.jdbc.core.JdbcTemplate               : Executing prepared SQL statement [select r.role_code from role r join user_role ur on r.id=ur.role_id where ur.user_id=?]
2026-04-23 05:36:44.073  WARN 12180 --- [nio-8081-exec-4] c.e.m.user.controller.UserController     : Skip redis write for key auth:last-login:2042295383053787144

org.springframework.data.redis.RedisConnectionFailureException: Unable to connect to Redis; nested exception is io.lettuce.core.RedisConnectionException: Unable to connect to 127.0.0.1/<unresolved>:6379
	at org.springframework.data.redis.connection.lettuce.LettuceConnectionFactory$ExceptionTranslatingConnectionProvider.translateException(LettuceConnectionFactory.java:1689) ~[spring-data-redis-2.7.18.jar!/:2.7.18]
	at org.springframework.data.redis.connection.lettuce.LettuceConnectionFactory$ExceptionTranslatingConnectionProvider.getConnection(LettuceConnectionFactory.java:1597) ~[spring-data-redis-2.7.18.jar!/:2.7.18]
	at org.springframework.data.redis.connection.lettuce.LettuceConnectionFactory$SharedConnection.getNativeConnection(LettuceConnectionFactory.java:1383) ~[spring-data-redis-2.7.18.jar!/:2.7.18]
	at org.springframework.data.redis.connection.lettuce.LettuceConnectionFactory$SharedConnection.getConnection(LettuceConnectionFactory.java:1366) ~[spring-data-redis-2.7.18.jar!/:2.7.18]
	at org.springframework.data.redis.connection.lettuce.LettuceConnectionFactory.getSharedConnection(LettuceConnectionFactory.java:1093) ~[spring-data-redis-2.7.18.jar!/:2.7.18]
	at org.springframework.data.redis.connection.lettuce.LettuceConnectionFactory.getConnection(LettuceConnectionFactory.java:421) ~[spring-data-redis-2.7.18.jar!/:2.7.18]
	at org.springframework.data.redis.core.RedisConnectionUtils.fetchConnection(RedisConnectionUtils.java:193) ~[spring-data-redis-2.7.18.jar!/:2.7.18]
	at org.springframework.data.redis.core.RedisConnectionUtils.doGetConnection(RedisConnectionUtils.java:144) ~[spring-data-redis-2.7.18.jar!/:2.7.18]
	at org.springframework.data.redis.core.RedisConnectionUtils.getConnection(RedisConnectionUtils.java:105) ~[spring-data-redis-2.7.18.jar!/:2.7.18]
	at org.springframework.data.redis.core.RedisTemplate.execute(RedisTemplate.java:211) ~[spring-data-redis-2.7.18.jar!/:2.7.18]
	at org.springframework.data.redis.core.RedisTemplate.execute(RedisTemplate.java:191) ~[spring-data-redis-2.7.18.jar!/:2.7.18]
	at org.springframework.data.redis.core.AbstractOperations.execute(AbstractOperations.java:97) ~[spring-data-redis-2.7.18.jar!/:2.7.18]
	at org.springframework.data.redis.core.DefaultValueOperations.set(DefaultValueOperations.java:325) ~[spring-data-redis-2.7.18.jar!/:2.7.18]
	at com.evbattery.modules.user.controller.UserController.safeWriteRedis(UserController.java:154) ~[classes!/:1.0.0-SNAPSHOT]
	at com.evbattery.modules.user.controller.UserController.login(UserController.java:67) ~[classes!/:1.0.0-SNAPSHOT]
	at java.base/jdk.internal.reflect.DirectMethodHandleAccessor.invoke(DirectMethodHandleAccessor.java:103) ~[na:na]
	at java.base/java.lang.reflect.Method.invoke(Method.java:580) ~[na:na]
	at org.springframework.web.method.support.InvocableHandlerMethod.doInvoke(InvocableHandlerMethod.java:205) ~[spring-web-5.3.31.jar!/:5.3.31]
	at org.springframework.web.method.support.InvocableHandlerMethod.invokeForRequest(InvocableHandlerMethod.java:150) ~[spring-web-5.3.31.jar!/:5.3.31]
	at org.springframework.web.servlet.mvc.method.annotation.ServletInvocableHandlerMethod.invokeAndHandle(ServletInvocableHandlerMethod.java:117) ~[spring-webmvc-5.3.31.jar!/:5.3.31]
	at org.springframework.web.servlet.mvc.method.annotation.RequestMappingHandlerAdapter.invokeHandlerMethod(RequestMappingHandlerAdapter.java:895) ~[spring-webmvc-5.3.31.jar!/:5.3.31]
	at org.springframework.web.servlet.mvc.method.annotation.RequestMappingHandlerAdapter.handleInternal(RequestMappingHandlerAdapter.java:808) ~[spring-webmvc-5.3.31.jar!/:5.3.31]
	at org.springframework.web.servlet.mvc.method.AbstractHandlerMethodAdapter.handle(AbstractHandlerMethodAdapter.java:87) ~[spring-webmvc-5.3.31.jar!/:5.3.31]
	at org.springframework.web.servlet.DispatcherServlet.doDispatch(DispatcherServlet.java:1072) ~[spring-webmvc-5.3.31.jar!/:5.3.31]
	at org.springframework.web.servlet.DispatcherServlet.doService(DispatcherServlet.java:965) ~[spring-webmvc-5.3.31.jar!/:5.3.31]
	at org.springframework.web.servlet.FrameworkServlet.processRequest(FrameworkServlet.java:1006) ~[spring-webmvc-5.3.31.jar!/:5.3.31]
	at org.springframework.web.servlet.FrameworkServlet.doPost(FrameworkServlet.java:909) ~[spring-webmvc-5.3.31.jar!/:5.3.31]
	at javax.servlet.http.HttpServlet.service(HttpServlet.java:555) ~[tomcat-embed-core-9.0.83.jar!/:na]
	at org.springframework.web.servlet.FrameworkServlet.service(FrameworkServlet.java:883) ~[spring-webmvc-5.3.31.jar!/:5.3.31]
	at javax.servlet.http.HttpServlet.service(HttpServlet.java:623) ~[tomcat-embed-core-9.0.83.jar!/:na]
	at org.apache.catalina.core.ApplicationFilterChain.internalDoFilter(ApplicationFilterChain.java:209) ~[tomcat-embed-core-9.0.83.jar!/:na]
	at org.apache.catalina.core.ApplicationFilterChain.doFilter(ApplicationFilterChain.java:153) ~[tomcat-embed-core-9.0.83.jar!/:na]
	at org.apache.tomcat.websocket.server.WsFilter.doFilter(WsFilter.java:51) ~[tomcat-embed-websocket-9.0.83.jar!/:na]
	at org.apache.catalina.core.ApplicationFilterChain.internalDoFilter(ApplicationFilterChain.java:178) ~[tomcat-embed-core-9.0.83.jar!/:na]
	at org.apache.catalina.core.ApplicationFilterChain.doFilter(ApplicationFilterChain.java:153) ~[tomcat-embed-core-9.0.83.jar!/:na]
	at org.springframework.security.web.FilterChainProxy$VirtualFilterChain.doFilter(FilterChainProxy.java:337) ~[spring-security-web-5.7.11.jar!/:5.7.11]
	at org.springframework.security.web.access.intercept.FilterSecurityInterceptor.invoke(FilterSecurityInterceptor.java:115) ~[spring-security-web-5.7.11.jar!/:5.7.11]
	at org.springframework.security.web.access.intercept.FilterSecurityInterceptor.doFilter(FilterSecurityInterceptor.java:81) ~[spring-security-web-5.7.11.jar!/:5.7.11]
	at org.springframework.security.web.FilterChainProxy$VirtualFilterChain.doFilter(FilterChainProxy.java:346) ~[spring-security-web-5.7.11.jar!/:5.7.11]
	at org.springframework.security.web.access.ExceptionTranslationFilter.doFilter(ExceptionTranslationFilter.java:122) ~[spring-security-web-5.7.11.jar!/:5.7.11]
	at org.springframework.security.web.access.ExceptionTranslationFilter.doFilter(ExceptionTranslationFilter.java:116) ~[spring-security-web-5.7.11.jar!/:5.7.11]
	at org.springframework.security.web.FilterChainProxy$VirtualFilterChain.doFilter(FilterChainProxy.java:346) ~[spring-security-web-5.7.11.jar!/:5.7.11]
	at org.springframework.security.web.session.SessionManagementFilter.doFilter(SessionManagementFilter.java:126) ~[spring-security-web-5.7.11.jar!/:5.7.11]
	at org.springframework.security.web.session.SessionManagementFilter.doFilter(SessionManagementFilter.java:81) ~[spring-security-web-5.7.11.jar!/:5.7.11]
	at org.springframework.security.web.FilterChainProxy$VirtualFilterChain.doFilter(FilterChainProxy.java:346) ~[spring-security-web-5.7.11.jar!/:5.7.11]
	at org.springframework.security.web.authentication.AnonymousAuthenticationFilter.doFilter(AnonymousAuthenticationFilter.java:109) ~[spring-security-web-5.7.11.jar!/:5.7.11]
	at org.springframework.security.web.FilterChainProxy$VirtualFilterChain.doFilter(FilterChainProxy.java:346) ~[spring-security-web-5.7.11.jar!/:5.7.11]
	at org.springframework.security.web.servletapi.SecurityContextHolderAwareRequestFilter.doFilter(SecurityContextHolderAwareRequestFilter.java:149) ~[spring-security-web-5.7.11.jar!/:5.7.11]
	at org.springframework.security.web.FilterChainProxy$VirtualFilterChain.doFilter(FilterChainProxy.java:346) ~[spring-security-web-5.7.11.jar!/:5.7.11]
	at org.springframework.security.web.savedrequest.RequestCacheAwareFilter.doFilter(RequestCacheAwareFilter.java:63) ~[spring-security-web-5.7.11.jar!/:5.7.11]
	at org.springframework.security.web.FilterChainProxy$VirtualFilterChain.doFilter(FilterChainProxy.java:346) ~[spring-security-web-5.7.11.jar!/:5.7.11]
	at org.springframework.security.web.authentication.logout.LogoutFilter.doFilter(LogoutFilter.java:103) ~[spring-security-web-5.7.11.jar!/:5.7.11]
	at org.springframework.security.web.authentication.logout.LogoutFilter.doFilter(LogoutFilter.java:89) ~[spring-security-web-5.7.11.jar!/:5.7.11]
	at org.springframework.security.web.FilterChainProxy$VirtualFilterChain.doFilter(FilterChainProxy.java:346) ~[spring-security-web-5.7.11.jar!/:5.7.11]
	at org.springframework.security.web.header.HeaderWriterFilter.doHeadersAfter(HeaderWriterFilter.java:90) ~[spring-security-web-5.7.11.jar!/:5.7.11]
	at org.springframework.security.web.header.HeaderWriterFilter.doFilterInternal(HeaderWriterFilter.java:75) ~[spring-security-web-5.7.11.jar!/:5.7.11]
	at org.springframework.web.filter.OncePerRequestFilter.doFilter(OncePerRequestFilter.java:117) ~[spring-web-5.3.31.jar!/:5.3.31]
	at org.springframework.security.web.FilterChainProxy$VirtualFilterChain.doFilter(FilterChainProxy.java:346) ~[spring-security-web-5.7.11.jar!/:5.7.11]
	at org.springframework.security.web.context.SecurityContextPersistenceFilter.doFilter(SecurityContextPersistenceFilter.java:112) ~[spring-security-web-5.7.11.jar!/:5.7.11]
	at org.springframework.security.web.context.SecurityContextPersistenceFilter.doFilter(SecurityContextPersistenceFilter.java:82) ~[spring-security-web-5.7.11.jar!/:5.7.11]
	at org.springframework.security.web.FilterChainProxy$VirtualFilterChain.doFilter(FilterChainProxy.java:346) ~[spring-security-web-5.7.11.jar!/:5.7.11]
	at org.springframework.security.web.context.request.async.WebAsyncManagerIntegrationFilter.doFilterInternal(WebAsyncManagerIntegrationFilter.java:55) ~[spring-security-web-5.7.11.jar!/:5.7.11]
	at org.springframework.web.filter.OncePerRequestFilter.doFilter(OncePerRequestFilter.java:117) ~[spring-web-5.3.31.jar!/:5.3.31]
	at org.springframework.security.web.FilterChainProxy$VirtualFilterChain.doFilter(FilterChainProxy.java:346) ~[spring-security-web-5.7.11.jar!/:5.7.11]
	at org.springframework.security.web.session.DisableEncodeUrlFilter.doFilterInternal(DisableEncodeUrlFilter.java:42) ~[spring-security-web-5.7.11.jar!/:5.7.11]
	at org.springframework.web.filter.OncePerRequestFilter.doFilter(OncePerRequestFilter.java:117) ~[spring-web-5.3.31.jar!/:5.3.31]
	at org.springframework.security.web.FilterChainProxy$VirtualFilterChain.doFilter(FilterChainProxy.java:346) ~[spring-security-web-5.7.11.jar!/:5.7.11]
	at org.springframework.security.web.FilterChainProxy.doFilterInternal(FilterChainProxy.java:221) ~[spring-security-web-5.7.11.jar!/:5.7.11]
	at org.springframework.security.web.FilterChainProxy.doFilter(FilterChainProxy.java:186) ~[spring-security-web-5.7.11.jar!/:5.7.11]
	at org.springframework.web.filter.DelegatingFilterProxy.invokeDelegate(DelegatingFilterProxy.java:354) ~[spring-web-5.3.31.jar!/:5.3.31]
	at org.springframework.web.filter.DelegatingFilterProxy.doFilter(DelegatingFilterProxy.java:267) ~[spring-web-5.3.31.jar!/:5.3.31]
	at org.apache.catalina.core.ApplicationFilterChain.internalDoFilter(ApplicationFilterChain.java:178) ~[tomcat-embed-core-9.0.83.jar!/:na]
	at org.apache.catalina.core.ApplicationFilterChain.doFilter(ApplicationFilterChain.java:153) ~[tomcat-embed-core-9.0.83.jar!/:na]
	at org.springframework.web.filter.RequestContextFilter.doFilterInternal(RequestContextFilter.java:100) ~[spring-web-5.3.31.jar!/:5.3.31]
	at org.springframework.web.filter.OncePerRequestFilter.doFilter(OncePerRequestFilter.java:117) ~[spring-web-5.3.31.jar!/:5.3.31]
	at org.apache.catalina.core.ApplicationFilterChain.internalDoFilter(ApplicationFilterChain.java:178) ~[tomcat-embed-core-9.0.83.jar!/:na]
	at org.apache.catalina.core.ApplicationFilterChain.doFilter(ApplicationFilterChain.java:153) ~[tomcat-embed-core-9.0.83.jar!/:na]
	at org.springframework.web.filter.FormContentFilter.doFilterInternal(FormContentFilter.java:93) ~[spring-web-5.3.31.jar!/:5.3.31]
	at org.springframework.web.filter.OncePerRequestFilter.doFilter(OncePerRequestFilter.java:117) ~[spring-web-5.3.31.jar!/:5.3.31]
	at org.apache.catalina.core.ApplicationFilterChain.internalDoFilter(ApplicationFilterChain.java:178) ~[tomcat-embed-core-9.0.83.jar!/:na]
	at org.apache.catalina.core.ApplicationFilterChain.doFilter(ApplicationFilterChain.java:153) ~[tomcat-embed-core-9.0.83.jar!/:na]
	at org.springframework.web.filter.CharacterEncodingFilter.doFilterInternal(CharacterEncodingFilter.java:201) ~[spring-web-5.3.31.jar!/:5.3.31]
	at org.springframework.web.filter.OncePerRequestFilter.doFilter(OncePerRequestFilter.java:117) ~[spring-web-5.3.31.jar!/:5.3.31]
	at org.apache.catalina.core.ApplicationFilterChain.internalDoFilter(ApplicationFilterChain.java:178) ~[tomcat-embed-core-9.0.83.jar!/:na]
	at org.apache.catalina.core.ApplicationFilterChain.doFilter(ApplicationFilterChain.java:153) ~[tomcat-embed-core-9.0.83.jar!/:na]
	at org.apache.catalina.core.StandardWrapperValve.invoke(StandardWrapperValve.java:168) ~[tomcat-embed-core-9.0.83.jar!/:na]
	at org.apache.catalina.core.StandardContextValve.invoke(StandardContextValve.java:90) ~[tomcat-embed-core-9.0.83.jar!/:na]
	at org.apache.catalina.authenticator.AuthenticatorBase.invoke(AuthenticatorBase.java:481) ~[tomcat-embed-core-9.0.83.jar!/:na]
	at org.apache.catalina.core.StandardHostValve.invoke(StandardHostValve.java:130) ~[tomcat-embed-core-9.0.83.jar!/:na]
	at org.apache.catalina.valves.ErrorReportValve.invoke(ErrorReportValve.java:93) ~[tomcat-embed-core-9.0.83.jar!/:na]
	at org.apache.catalina.core.StandardEngineValve.invoke(StandardEngineValve.java:74) ~[tomcat-embed-core-9.0.83.jar!/:na]
	at org.apache.catalina.connector.CoyoteAdapter.service(CoyoteAdapter.java:342) ~[tomcat-embed-core-9.0.83.jar!/:na]
	at org.apache.coyote.http11.Http11Processor.service(Http11Processor.java:390) ~[tomcat-embed-core-9.0.83.jar!/:na]
	at org.apache.coyote.AbstractProcessorLight.process(AbstractProcessorLight.java:63) ~[tomcat-embed-core-9.0.83.jar!/:na]
	at org.apache.coyote.AbstractProtocol$ConnectionHandler.process(AbstractProtocol.java:928) ~[tomcat-embed-core-9.0.83.jar!/:na]
	at org.apache.tomcat.util.net.NioEndpoint$SocketProcessor.doRun(NioEndpoint.java:1794) ~[tomcat-embed-core-9.0.83.jar!/:na]
	at org.apache.tomcat.util.net.SocketProcessorBase.run(SocketProcessorBase.java:52) ~[tomcat-embed-core-9.0.83.jar!/:na]
	at org.apache.tomcat.util.threads.ThreadPoolExecutor.runWorker(ThreadPoolExecutor.java:1191) ~[tomcat-embed-core-9.0.83.jar!/:na]
	at org.apache.tomcat.util.threads.ThreadPoolExecutor$Worker.run(ThreadPoolExecutor.java:659) ~[tomcat-embed-core-9.0.83.jar!/:na]
	at org.apache.tomcat.util.threads.TaskThread$WrappingRunnable.run(TaskThread.java:61) ~[tomcat-embed-core-9.0.83.jar!/:na]
	at java.base/java.lang.Thread.run(Thread.java:1570) ~[na:na]
Caused by: io.lettuce.core.RedisConnectionException: Unable to connect to 127.0.0.1/<unresolved>:6379
	at io.lettuce.core.RedisConnectionException.create(RedisConnectionException.java:78) ~[lettuce-core-6.1.10.RELEASE.jar!/:6.1.10.RELEASE]
	at io.lettuce.core.RedisConnectionException.create(RedisConnectionException.java:56) ~[lettuce-core-6.1.10.RELEASE.jar!/:6.1.10.RELEASE]
	at io.lettuce.core.AbstractRedisClient.getConnection(AbstractRedisClient.java:330) ~[lettuce-core-6.1.10.RELEASE.jar!/:6.1.10.RELEASE]
	at io.lettuce.core.RedisClient.connect(RedisClient.java:216) ~[lettuce-core-6.1.10.RELEASE.jar!/:6.1.10.RELEASE]
	at org.springframework.data.redis.connection.lettuce.StandaloneConnectionProvider.lambda$getConnection$1(StandaloneConnectionProvider.java:115) ~[spring-data-redis-2.7.18.jar!/:2.7.18]
	at java.base/java.util.Optional.orElseGet(Optional.java:364) ~[na:na]
	at org.springframework.data.redis.connection.lettuce.StandaloneConnectionProvider.getConnection(StandaloneConnectionProvider.java:115) ~[spring-data-redis-2.7.18.jar!/:2.7.18]
	at org.springframework.data.redis.connection.lettuce.LettuceConnectionFactory$ExceptionTranslatingConnectionProvider.getConnection(LettuceConnectionFactory.java:1595) ~[spring-data-redis-2.7.18.jar!/:2.7.18]
	... 99 common frames omitted
Caused by: io.netty.channel.AbstractChannel$AnnotatedConnectException: Connection refused: getsockopt: /127.0.0.1:6379
Caused by: java.net.ConnectException: Connection refused: getsockopt
	at java.base/sun.nio.ch.Net.pollConnect(Native Method) ~[na:na]
	at java.base/sun.nio.ch.Net.pollConnectNow(Net.java:682) ~[na:na]
	at java.base/sun.nio.ch.SocketChannelImpl.finishConnect(SocketChannelImpl.java:1060) ~[na:na]
	at io.netty.channel.socket.nio.NioSocketChannel.doFinishConnect(NioSocketChannel.java:337) ~[netty-transport-4.1.101.Final.jar!/:4.1.101.Final]
	at io.netty.channel.nio.AbstractNioChannel$AbstractNioUnsafe.finishConnect(AbstractNioChannel.java:334) ~[netty-transport-4.1.101.Final.jar!/:4.1.101.Final]
	at io.netty.channel.nio.NioEventLoop.processSelectedKey(NioEventLoop.java:776) ~[netty-transport-4.1.101.Final.jar!/:4.1.101.Final]
	at io.netty.channel.nio.NioEventLoop.processSelectedKeysOptimized(NioEventLoop.java:724) ~[netty-transport-4.1.101.Final.jar!/:4.1.101.Final]
	at io.netty.channel.nio.NioEventLoop.processSelectedKeys(NioEventLoop.java:650) ~[netty-transport-4.1.101.Final.jar!/:4.1.101.Final]
	at io.netty.channel.nio.NioEventLoop.run(NioEventLoop.java:562) ~[netty-transport-4.1.101.Final.jar!/:4.1.101.Final]
	at io.netty.util.concurrent.SingleThreadEventExecutor$4.run(SingleThreadEventExecutor.java:997) ~[netty-common-4.1.101.Final.jar!/:4.1.101.Final]
	at io.netty.util.internal.ThreadExecutorMap$2.run(ThreadExecutorMap.java:74) ~[netty-common-4.1.101.Final.jar!/:4.1.101.Final]
	at io.netty.util.concurrent.FastThreadLocalRunnable.run(FastThreadLocalRunnable.java:30) ~[netty-common-4.1.101.Final.jar!/:4.1.101.Final]
	at java.base/java.lang.Thread.run(Thread.java:1570) ~[na:na]

2026-04-23 05:36:44.075 DEBUG 12180 --- [nio-8081-exec-4] m.m.a.RequestResponseBodyMethodProcessor : Using 'application/json', given [application/json, text/plain, */*] and supported [application/json, application/*+json, application/json, application/*+json]
2026-04-23 05:36:44.077 DEBUG 12180 --- [nio-8081-exec-4] m.m.a.RequestResponseBodyMethodProcessor : Writing [Result(code=200, message=登录成功, data={roles=[ROLE_USER], userId=2042295383053787144, token=eyJhbGciOi (truncated)...]
2026-04-23 05:36:44.079 DEBUG 12180 --- [nio-8081-exec-4] o.s.web.servlet.DispatcherServlet        : Completed 200 OK
2026-04-23 05:36:44.403 DEBUG 12180 --- [nio-8081-exec-2] o.s.web.servlet.DispatcherServlet        : GET "/api/user/current", parameters={}
2026-04-23 05:36:44.408 DEBUG 12180 --- [nio-8081-exec-2] s.w.s.m.m.a.RequestMappingHandlerMapping : Mapped to com.evbattery.modules.user.controller.UserController#current()
2026-04-23 05:36:44.414 DEBUG 12180 --- [nio-8081-exec-2] o.s.jdbc.core.JdbcTemplate               : Executing prepared SQL query
2026-04-23 05:36:44.414 DEBUG 12180 --- [nio-8081-exec-2] o.s.jdbc.core.JdbcTemplate               : Executing prepared SQL statement [select r.role_code from role r join user_role ur on r.id=ur.role_id where ur.user_id=?]
2026-04-23 05:36:44.416 DEBUG 12180 --- [nio-8081-exec-2] m.m.a.RequestResponseBodyMethodProcessor : Using 'application/json', given [application/json, text/plain, */*] and supported [application/json, application/*+json, application/json, application/*+json]
2026-04-23 05:36:44.417 DEBUG 12180 --- [nio-8081-exec-2] m.m.a.RequestResponseBodyMethodProcessor : Writing [Result(code=200, message=success, data={realName=测试用户, roles=[ROLE_USER], id=2042295383053787144, em (truncated)...]
2026-04-23 05:36:44.419 DEBUG 12180 --- [nio-8081-exec-2] o.s.web.servlet.DispatcherServlet        : Completed 200 OK
2026-04-23 05:36:44.663 DEBUG 12180 --- [nio-8081-exec-1] o.s.web.servlet.DispatcherServlet        : GET "/api/message/unread-count", parameters={}
2026-04-23 05:36:44.666 DEBUG 12180 --- [nio-8081-exec-1] s.w.s.m.m.a.RequestMappingHandlerMapping : Mapped to com.evbattery.modules.message.controller.MessageController#unreadCount()
2026-04-23 05:36:44.667 DEBUG 12180 --- [nio-8081-exec-1] o.s.jdbc.core.JdbcTemplate               : Executing prepared SQL query
2026-04-23 05:36:44.668 DEBUG 12180 --- [nio-8081-exec-1] o.s.jdbc.core.JdbcTemplate               : Executing prepared SQL statement [select count(1) from app_message where user_id = ? and read_flag = 0]
2026-04-23 05:36:44.675 DEBUG 12180 --- [nio-8081-exec-1] m.m.a.RequestResponseBodyMethodProcessor : Using 'application/json', given [application/json, text/plain, */*] and supported [application/json, application/*+json, application/json, application/*+json]
2026-04-23 05:36:44.675 DEBUG 12180 --- [nio-8081-exec-1] m.m.a.RequestResponseBodyMethodProcessor : Writing [Result(code=200, message=success, data={unreadCount=1})]
2026-04-23 05:36:44.678 DEBUG 12180 --- [nio-8081-exec-1] o.s.web.servlet.DispatcherServlet        : Completed 200 OK
2026-04-23 05:36:44.950 DEBUG 12180 --- [nio-8081-exec-3] o.s.web.servlet.DispatcherServlet        : GET "/api/statistics/trade-trend?days=7", parameters={masked}
2026-04-23 05:36:44.950 DEBUG 12180 --- [nio-8081-exec-6] o.s.web.servlet.DispatcherServlet        : GET "/api/statistics/health-distribution", parameters={}
2026-04-23 05:36:44.950 DEBUG 12180 --- [nio-8081-exec-5] o.s.web.servlet.DispatcherServlet        : GET "/api/trade/products?page=1&size=4&sortBy=latest", parameters={masked}
2026-04-23 05:36:44.950 DEBUG 12180 --- [nio-8081-exec-3] s.w.s.m.m.a.RequestMappingHandlerMapping : Mapped to com.evbattery.modules.statistics.controller.StatisticsController#tradeTrend(Integer)
2026-04-23 05:36:44.951 DEBUG 12180 --- [nio-8081-exec-5] s.w.s.m.m.a.RequestMappingHandlerMapping : Mapped to com.evbattery.modules.trade.controller.TradeController#products(Integer, Integer, String, BigDecimal, BigDecimal, String, String, String, String)
2026-04-23 05:36:44.951 DEBUG 12180 --- [nio-8081-exec-6] s.w.s.m.m.a.RequestMappingHandlerMapping : Mapped to com.evbattery.modules.statistics.controller.StatisticsController#healthDistribution()
2026-04-23 05:36:44.951 DEBUG 12180 --- [nio-8081-exec-9] o.s.web.servlet.DispatcherServlet        : GET "/api/statistics/product-category-distribution", parameters={}
2026-04-23 05:36:44.952 DEBUG 12180 --- [nio-8081-exec-3] o.s.jdbc.core.JdbcTemplate               : Executing prepared SQL query
2026-04-23 05:36:44.952 DEBUG 12180 --- [nio-8081-exec-5] o.s.jdbc.core.JdbcTemplate               : Executing prepared SQL query
2026-04-23 05:36:44.952 DEBUG 12180 --- [nio-8081-exec-6] o.s.jdbc.core.JdbcTemplate               : Executing SQL query [select ifnull(health_level, 'UNKNOWN') as name, count(1) as value from health_assessment group by health_level order by value desc]
2026-04-23 05:36:44.952 DEBUG 12180 --- [nio-8081-exec-9] s.w.s.m.m.a.RequestMappingHandlerMapping : Mapped to com.evbattery.modules.statistics.controller.StatisticsController#productCategoryDistribution()
2026-04-23 05:36:44.952 DEBUG 12180 --- [nio-8081-exec-3] o.s.jdbc.core.JdbcTemplate               : Executing prepared SQL statement [select ifnull(sum(amount), 0) from `order` where date(created_at)=?]
2026-04-23 05:36:44.954 DEBUG 12180 --- [nio-8081-exec-5] o.s.jdbc.core.JdbcTemplate               : Executing prepared SQL statement [select count(1) from product p left join battery_record b on p.battery_id = b.id left join user_profile up on p.seller_id = up.user_id left join credit_score cs on p.seller_id = cs.user_id  where p.deleted_flag = 0 and p.draft_flag = 0 and p.publish_status in ('ON_SHELF','SOLD_OUT') ]
2026-04-23 05:36:44.956 DEBUG 12180 --- [nio-8081-exec-9] o.s.jdbc.core.JdbcTemplate               : Executing SQL query [select ifnull(battery_type, 'UNKNOWN') as name, count(1) as value from product where deleted_flag = 0 group by battery_type order by value desc]
2026-04-23 05:36:44.956 DEBUG 12180 --- [nio-8081-exec-3] o.s.jdbc.core.JdbcTemplate               : Executing prepared SQL query
2026-04-23 05:36:44.957 DEBUG 12180 --- [nio-8081-exec-3] o.s.jdbc.core.JdbcTemplate               : Executing prepared SQL statement [select count(1) from `order` where date(created_at)=?]
2026-04-23 05:36:44.957 DEBUG 12180 --- [nio-8081-exec-6] m.m.a.RequestResponseBodyMethodProcessor : Using 'application/json', given [application/json, text/plain, */*] and supported [application/json, application/*+json, application/json, application/*+json]
2026-04-23 05:36:44.958 DEBUG 12180 --- [nio-8081-exec-6] m.m.a.RequestResponseBodyMethodProcessor : Writing [Result(code=200, message=success, data=[{name=良好, value=28}, {name=一般, value=14}, {name=优秀, value=10 (truncated)...]
2026-04-23 05:36:44.958 DEBUG 12180 --- [nio-8081-exec-3] o.s.jdbc.core.JdbcTemplate               : Executing prepared SQL query
2026-04-23 05:36:44.958 DEBUG 12180 --- [nio-8081-exec-5] o.s.jdbc.core.JdbcTemplate               : Executing prepared SQL query
2026-04-23 05:36:44.959 DEBUG 12180 --- [nio-8081-exec-5] o.s.jdbc.core.JdbcTemplate               : Executing prepared SQL statement [select p.*, b.battery_code as batteryCode, up.nickname as sellerNickname, up.avatar as sellerAvatar, ifnull(cs.score,100) as creditScore  from product p left join battery_record b on p.battery_id = b.id left join user_profile up on p.seller_id = up.user_id left join credit_score cs on p.seller_id = cs.user_id  where p.deleted_flag = 0 and p.draft_flag = 0 and p.publish_status in ('ON_SHELF','SOLD_OUT')  order by  p.id desc  limit ?, ?]
2026-04-23 05:36:44.958 DEBUG 12180 --- [nio-8081-exec-9] m.m.a.RequestResponseBodyMethodProcessor : Using 'application/json', given [application/json, text/plain, */*] and supported [application/json, application/*+json, application/json, application/*+json]
2026-04-23 05:36:44.959 DEBUG 12180 --- [nio-8081-exec-6] o.s.web.servlet.DispatcherServlet        : Completed 200 OK
2026-04-23 05:36:44.959 DEBUG 12180 --- [nio-8081-exec-3] o.s.jdbc.core.JdbcTemplate               : Executing prepared SQL statement [select ifnull(sum(amount), 0) from `order` where date(created_at)=?]
2026-04-23 05:36:44.960 DEBUG 12180 --- [nio-8081-exec-9] m.m.a.RequestResponseBodyMethodProcessor : Writing [Result(code=200, message=success, data=[{name=磷酸铁锂, value=9}, {name=三元锂, value=2}, {name=????, value (truncated)...]
2026-04-23 05:36:44.961 DEBUG 12180 --- [nio-8081-exec-3] o.s.jdbc.core.JdbcTemplate               : Executing prepared SQL query
2026-04-23 05:36:44.962 DEBUG 12180 --- [nio-8081-exec-5] m.m.a.RequestResponseBodyMethodProcessor : Using 'application/json', given [application/json, text/plain, */*] and supported [application/json, application/*+json, application/json, application/*+json]
2026-04-23 05:36:44.962 DEBUG 12180 --- [nio-8081-exec-3] o.s.jdbc.core.JdbcTemplate               : Executing prepared SQL statement [select count(1) from `order` where date(created_at)=?]
2026-04-23 05:36:44.962 DEBUG 12180 --- [nio-8081-exec-5] m.m.a.RequestResponseBodyMethodProcessor : Writing [Result(code=200, message=success, data={records=[{id=2046448787648917513, seller_id=4, battery_id=20 (truncated)...]
2026-04-23 05:36:44.962 DEBUG 12180 --- [nio-8081-exec-9] o.s.web.servlet.DispatcherServlet        : Completed 200 OK
2026-04-23 05:36:44.965 DEBUG 12180 --- [nio-8081-exec-3] o.s.jdbc.core.JdbcTemplate               : Executing prepared SQL query
2026-04-23 05:36:44.966 DEBUG 12180 --- [nio-8081-exec-3] o.s.jdbc.core.JdbcTemplate               : Executing prepared SQL statement [select ifnull(sum(amount), 0) from `order` where date(created_at)=?]
2026-04-23 05:36:44.966 DEBUG 12180 --- [nio-8081-exec-5] o.s.web.servlet.DispatcherServlet        : Completed 200 OK
2026-04-23 05:36:44.970 DEBUG 12180 --- [nio-8081-exec-3] o.s.jdbc.core.JdbcTemplate               : Executing prepared SQL query
2026-04-23 05:36:44.971 DEBUG 12180 --- [nio-8081-exec-3] o.s.jdbc.core.JdbcTemplate               : Executing prepared SQL statement [select count(1) from `order` where date(created_at)=?]
2026-04-23 05:36:44.973 DEBUG 12180 --- [nio-8081-exec-3] o.s.jdbc.core.JdbcTemplate               : Executing prepared SQL query
2026-04-23 05:36:44.973 DEBUG 12180 --- [nio-8081-exec-3] o.s.jdbc.core.JdbcTemplate               : Executing prepared SQL statement [select ifnull(sum(amount), 0) from `order` where date(created_at)=?]
2026-04-23 05:36:44.976 DEBUG 12180 --- [nio-8081-exec-3] o.s.jdbc.core.JdbcTemplate               : Executing prepared SQL query
2026-04-23 05:36:44.977 DEBUG 12180 --- [nio-8081-exec-3] o.s.jdbc.core.JdbcTemplate               : Executing prepared SQL statement [select count(1) from `order` where date(created_at)=?]
2026-04-23 05:36:44.978 DEBUG 12180 --- [nio-8081-exec-3] o.s.jdbc.core.JdbcTemplate               : Executing prepared SQL query
2026-04-23 05:36:44.978 DEBUG 12180 --- [nio-8081-exec-3] o.s.jdbc.core.JdbcTemplate               : Executing prepared SQL statement [select ifnull(sum(amount), 0) from `order` where date(created_at)=?]
2026-04-23 05:36:44.983 DEBUG 12180 --- [nio-8081-exec-3] o.s.jdbc.core.JdbcTemplate               : Executing prepared SQL query
2026-04-23 05:36:44.984 DEBUG 12180 --- [nio-8081-exec-3] o.s.jdbc.core.JdbcTemplate               : Executing prepared SQL statement [select count(1) from `order` where date(created_at)=?]
2026-04-23 05:36:44.985 DEBUG 12180 --- [nio-8081-exec-3] o.s.jdbc.core.JdbcTemplate               : Executing prepared SQL query
2026-04-23 05:36:44.986 DEBUG 12180 --- [nio-8081-exec-3] o.s.jdbc.core.JdbcTemplate               : Executing prepared SQL statement [select ifnull(sum(amount), 0) from `order` where date(created_at)=?]
2026-04-23 05:36:44.989 DEBUG 12180 --- [nio-8081-exec-3] o.s.jdbc.core.JdbcTemplate               : Executing prepared SQL query
2026-04-23 05:36:44.989 DEBUG 12180 --- [nio-8081-exec-3] o.s.jdbc.core.JdbcTemplate               : Executing prepared SQL statement [select count(1) from `order` where date(created_at)=?]
2026-04-23 05:36:44.991 DEBUG 12180 --- [nio-8081-exec-3] o.s.jdbc.core.JdbcTemplate               : Executing prepared SQL query
2026-04-23 05:36:44.992 DEBUG 12180 --- [nio-8081-exec-3] o.s.jdbc.core.JdbcTemplate               : Executing prepared SQL statement [select ifnull(sum(amount), 0) from `order` where date(created_at)=?]
2026-04-23 05:36:44.993 DEBUG 12180 --- [nio-8081-exec-3] o.s.jdbc.core.JdbcTemplate               : Executing prepared SQL query
2026-04-23 05:36:44.994 DEBUG 12180 --- [nio-8081-exec-3] o.s.jdbc.core.JdbcTemplate               : Executing prepared SQL statement [select count(1) from `order` where date(created_at)=?]
2026-04-23 05:36:44.998 DEBUG 12180 --- [nio-8081-exec-3] m.m.a.RequestResponseBodyMethodProcessor : Using 'application/json', given [application/json, text/plain, */*] and supported [application/json, application/*+json, application/json, application/*+json]
2026-04-23 05:36:44.998 DEBUG 12180 --- [nio-8081-exec-3] m.m.a.RequestResponseBodyMethodProcessor : Writing [Result(code=200, message=success, data={xAxis=[2026-04-17, 2026-04-18, 2026-04-19, 2026-04-20, 2026- (truncated)...]
2026-04-23 05:36:44.999 DEBUG 12180 --- [nio-8081-exec-3] o.s.web.servlet.DispatcherServlet        : Completed 200 OK
2026-04-23 05:36:47.520 DEBUG 12180 --- [io-8081-exec-10] o.s.web.servlet.DispatcherServlet        : GET "/api/trade/orders?tab=ALL", parameters={masked}
2026-04-23 05:36:47.524 DEBUG 12180 --- [io-8081-exec-10] s.w.s.m.m.a.RequestMappingHandlerMapping : Mapped to com.evbattery.modules.trade.controller.TradeController#orders(String)
2026-04-23 05:36:47.526 DEBUG 12180 --- [io-8081-exec-10] o.s.jdbc.core.JdbcTemplate               : Executing prepared SQL query
2026-04-23 05:36:47.527 DEBUG 12180 --- [io-8081-exec-10] o.s.jdbc.core.JdbcTemplate               : Executing prepared SQL statement [select * from `order` where (buyer_id = ? or seller_id = ?)  order by id desc]
2026-04-23 05:36:47.532 DEBUG 12180 --- [io-8081-exec-10] o.s.jdbc.core.JdbcTemplate               : Executing prepared SQL query
2026-04-23 05:36:47.533 DEBUG 12180 --- [io-8081-exec-10] o.s.jdbc.core.JdbcTemplate               : Executing prepared SQL statement [select score, content, created_at as createdAt from product_review where order_id = ?]
2026-04-23 05:36:47.537 DEBUG 12180 --- [io-8081-exec-10] o.s.jdbc.core.JdbcTemplate               : Executing prepared SQL query
2026-04-23 05:36:47.537 DEBUG 12180 --- [io-8081-exec-10] o.s.jdbc.core.JdbcTemplate               : Executing prepared SQL statement [select score, content, created_at as createdAt from product_review where order_id = ?]
2026-04-23 05:36:47.542 DEBUG 12180 --- [io-8081-exec-10] o.s.jdbc.core.JdbcTemplate               : Executing prepared SQL query
2026-04-23 05:36:47.542 DEBUG 12180 --- [io-8081-exec-10] o.s.jdbc.core.JdbcTemplate               : Executing prepared SQL statement [select score, content, created_at as createdAt from product_review where order_id = ?]
2026-04-23 05:36:47.546 DEBUG 12180 --- [io-8081-exec-10] o.s.jdbc.core.JdbcTemplate               : Executing prepared SQL query
2026-04-23 05:36:47.547 DEBUG 12180 --- [io-8081-exec-10] o.s.jdbc.core.JdbcTemplate               : Executing prepared SQL statement [select score, content, created_at as createdAt from product_review where order_id = ?]
2026-04-23 05:36:47.549 DEBUG 12180 --- [io-8081-exec-10] o.s.jdbc.core.JdbcTemplate               : Executing prepared SQL query
2026-04-23 05:36:47.550 DEBUG 12180 --- [io-8081-exec-10] o.s.jdbc.core.JdbcTemplate               : Executing prepared SQL statement [select score, content, created_at as createdAt from product_review where order_id = ?]
2026-04-23 05:36:47.554 DEBUG 12180 --- [io-8081-exec-10] o.s.jdbc.core.JdbcTemplate               : Executing prepared SQL query
2026-04-23 05:36:47.554 DEBUG 12180 --- [io-8081-exec-10] o.s.jdbc.core.JdbcTemplate               : Executing prepared SQL statement [select score, content, created_at as createdAt from product_review where order_id = ?]
2026-04-23 05:36:47.557 DEBUG 12180 --- [io-8081-exec-10] m.m.a.RequestResponseBodyMethodProcessor : Using 'application/json', given [application/json, text/plain, */*] and supported [application/json, application/*+json, application/json, application/*+json]
2026-04-23 05:36:47.558 DEBUG 12180 --- [io-8081-exec-10] m.m.a.RequestResponseBodyMethodProcessor : Writing [Result(code=200, message=success, data=[{id=2047049938459111425, order_no=OD177688971234220422953823 (truncated)...]
2026-04-23 05:36:47.567 DEBUG 12180 --- [io-8081-exec-10] o.s.web.servlet.DispatcherServlet        : Completed 200 OK
2026-04-23 05:36:47.895 DEBUG 12180 --- [nio-8081-exec-8] o.s.web.servlet.DispatcherServlet        : GET "/api/logistics/status/2047032390862659586", parameters={}
2026-04-23 05:36:47.895 DEBUG 12180 --- [nio-8081-exec-7] o.s.web.servlet.DispatcherServlet        : GET "/api/logistics/status/2047032703925563393", parameters={}
2026-04-23 05:36:47.895 DEBUG 12180 --- [nio-8081-exec-4] o.s.web.servlet.DispatcherServlet        : GET "/api/logistics/status/2047008158791471105", parameters={}
2026-04-23 05:36:47.900 DEBUG 12180 --- [nio-8081-exec-7] s.w.s.m.m.a.RequestMappingHandlerMapping : Mapped to com.evbattery.modules.logistics.controller.LogisticsController#status(Long)
2026-04-23 05:36:47.900 DEBUG 12180 --- [nio-8081-exec-8] s.w.s.m.m.a.RequestMappingHandlerMapping : Mapped to com.evbattery.modules.logistics.controller.LogisticsController#status(Long)
2026-04-23 05:36:47.900 DEBUG 12180 --- [nio-8081-exec-4] s.w.s.m.m.a.RequestMappingHandlerMapping : Mapped to com.evbattery.modules.logistics.controller.LogisticsController#status(Long)
2026-04-23 05:36:47.902 DEBUG 12180 --- [nio-8081-exec-7] o.s.jdbc.core.JdbcTemplate               : Executing prepared SQL query
2026-04-23 05:36:47.902 DEBUG 12180 --- [nio-8081-exec-8] o.s.jdbc.core.JdbcTemplate               : Executing prepared SQL query
2026-04-23 05:36:47.903 DEBUG 12180 --- [nio-8081-exec-8] o.s.jdbc.core.JdbcTemplate               : Executing prepared SQL statement [select count(1) from user_role ur join role r on ur.role_id=r.id where ur.user_id=? and r.role_code='ROLE_ADMIN']
2026-04-23 05:36:47.903 DEBUG 12180 --- [nio-8081-exec-7] o.s.jdbc.core.JdbcTemplate               : Executing prepared SQL statement [select count(1) from user_role ur join role r on ur.role_id=r.id where ur.user_id=? and r.role_code='ROLE_ADMIN']
2026-04-23 05:36:47.903 DEBUG 12180 --- [nio-8081-exec-4] o.s.jdbc.core.JdbcTemplate               : Executing prepared SQL query
2026-04-23 05:36:47.906 DEBUG 12180 --- [nio-8081-exec-4] o.s.jdbc.core.JdbcTemplate               : Executing prepared SQL statement [select count(1) from user_role ur join role r on ur.role_id=r.id where ur.user_id=? and r.role_code='ROLE_ADMIN']
2026-04-23 05:36:47.919 DEBUG 12180 --- [nio-8081-exec-8] o.s.jdbc.core.JdbcTemplate               : Executing prepared SQL query
2026-04-23 05:36:47.920 DEBUG 12180 --- [nio-8081-exec-4] o.s.jdbc.core.JdbcTemplate               : Executing prepared SQL query
2026-04-23 05:36:47.920 DEBUG 12180 --- [nio-8081-exec-7] o.s.jdbc.core.JdbcTemplate               : Executing prepared SQL query
2026-04-23 05:36:47.920 DEBUG 12180 --- [nio-8081-exec-8] o.s.jdbc.core.JdbcTemplate               : Executing prepared SQL statement [select ifnull(shipping_from, '上海') from product where id = ?]
2026-04-23 05:36:47.920 DEBUG 12180 --- [nio-8081-exec-4] o.s.jdbc.core.JdbcTemplate               : Executing prepared SQL statement [select ifnull(shipping_from, '上海') from product where id = ?]
2026-04-23 05:36:47.921 DEBUG 12180 --- [nio-8081-exec-7] o.s.jdbc.core.JdbcTemplate               : Executing prepared SQL statement [select ifnull(shipping_from, '上海') from product where id = ?]
2026-04-23 05:36:47.925 DEBUG 12180 --- [nio-8081-exec-8] m.m.a.RequestResponseBodyMethodProcessor : Using 'application/json', given [application/json, text/plain, */*] and supported [application/json, application/*+json, application/json, application/*+json]
2026-04-23 05:36:47.925 DEBUG 12180 --- [nio-8081-exec-7] m.m.a.RequestResponseBodyMethodProcessor : Using 'application/json', given [application/json, text/plain, */*] and supported [application/json, application/*+json, application/json, application/*+json]
2026-04-23 05:36:47.925 DEBUG 12180 --- [nio-8081-exec-4] m.m.a.RequestResponseBodyMethodProcessor : Using 'application/json', given [application/json, text/plain, */*] and supported [application/json, application/*+json, application/json, application/*+json]
2026-04-23 05:36:47.927 DEBUG 12180 --- [nio-8081-exec-8] m.m.a.RequestResponseBodyMethodProcessor : Writing [Result(code=200, message=success, data={orderId=2047032390862659586, company=平台模拟物流, trackingNo=MOCK (truncated)...]
2026-04-23 05:36:47.927 DEBUG 12180 --- [nio-8081-exec-7] m.m.a.RequestResponseBodyMethodProcessor : Writing [Result(code=200, message=success, data={orderId=2047032703925563393, company=平台模拟物流, trackingNo=MOCK (truncated)...]
2026-04-23 05:36:47.928 DEBUG 12180 --- [nio-8081-exec-4] m.m.a.RequestResponseBodyMethodProcessor : Writing [Result(code=200, message=success, data={orderId=2047008158791471105, company=平台模拟物流, trackingNo=MOCK (truncated)...]
2026-04-23 05:36:47.931 DEBUG 12180 --- [nio-8081-exec-7] o.s.web.servlet.DispatcherServlet        : Completed 200 OK
2026-04-23 05:36:47.931 DEBUG 12180 --- [nio-8081-exec-4] o.s.web.servlet.DispatcherServlet        : Completed 200 OK
2026-04-23 05:36:47.932 DEBUG 12180 --- [nio-8081-exec-8] o.s.web.servlet.DispatcherServlet        : Completed 200 OK
2026-04-23 05:36:48.153 DEBUG 12180 --- [nio-8081-exec-2] o.s.web.servlet.DispatcherServlet        : GET "/api/logistics/status/2047032703925563393", parameters={}
2026-04-23 05:36:48.155 DEBUG 12180 --- [nio-8081-exec-2] s.w.s.m.m.a.RequestMappingHandlerMapping : Mapped to com.evbattery.modules.logistics.controller.LogisticsController#status(Long)
2026-04-23 05:36:48.157 DEBUG 12180 --- [nio-8081-exec-2] o.s.jdbc.core.JdbcTemplate               : Executing prepared SQL query
2026-04-23 05:36:48.157 DEBUG 12180 --- [nio-8081-exec-2] o.s.jdbc.core.JdbcTemplate               : Executing prepared SQL statement [select count(1) from user_role ur join role r on ur.role_id=r.id where ur.user_id=? and r.role_code='ROLE_ADMIN']
2026-04-23 05:36:48.167 DEBUG 12180 --- [nio-8081-exec-2] o.s.jdbc.core.JdbcTemplate               : Executing prepared SQL query
2026-04-23 05:36:48.168 DEBUG 12180 --- [nio-8081-exec-2] o.s.jdbc.core.JdbcTemplate               : Executing prepared SQL statement [select ifnull(shipping_from, '上海') from product where id = ?]
2026-04-23 05:36:48.170 DEBUG 12180 --- [nio-8081-exec-2] m.m.a.RequestResponseBodyMethodProcessor : Using 'application/json', given [application/json, text/plain, */*] and supported [application/json, application/*+json, application/json, application/*+json]
2026-04-23 05:36:48.171 DEBUG 12180 --- [nio-8081-exec-2] m.m.a.RequestResponseBodyMethodProcessor : Writing [Result(code=200, message=success, data={orderId=2047032703925563393, company=平台模拟物流, trackingNo=MOCK (truncated)...]
2026-04-23 05:36:48.173 DEBUG 12180 --- [nio-8081-exec-2] o.s.web.servlet.DispatcherServlet        : Completed 200 OK
2026-04-23 05:36:48.612 DEBUG 12180 --- [nio-8081-exec-1] o.s.web.servlet.DispatcherServlet        : GET "/api/trade/products?page=1&size=8&keyword=&healthLevel=&batteryType=&sortBy=", parameters={masked}
2026-04-23 05:36:48.613 DEBUG 12180 --- [nio-8081-exec-1] s.w.s.m.m.a.RequestMappingHandlerMapping : Mapped to com.evbattery.modules.trade.controller.TradeController#products(Integer, Integer, String, BigDecimal, BigDecimal, String, String, String, String)
2026-04-23 05:36:48.617 DEBUG 12180 --- [nio-8081-exec-1] o.s.jdbc.core.JdbcTemplate               : Executing prepared SQL query
2026-04-23 05:36:48.617 DEBUG 12180 --- [nio-8081-exec-1] o.s.jdbc.core.JdbcTemplate               : Executing prepared SQL statement [select count(1) from product p left join battery_record b on p.battery_id = b.id left join user_profile up on p.seller_id = up.user_id left join credit_score cs on p.seller_id = cs.user_id  where p.deleted_flag = 0 and p.draft_flag = 0 and p.publish_status in ('ON_SHELF','SOLD_OUT') ]
2026-04-23 05:36:48.621 DEBUG 12180 --- [nio-8081-exec-1] o.s.jdbc.core.JdbcTemplate               : Executing prepared SQL query
2026-04-23 05:36:48.621 DEBUG 12180 --- [nio-8081-exec-1] o.s.jdbc.core.JdbcTemplate               : Executing prepared SQL statement [select p.*, b.battery_code as batteryCode, up.nickname as sellerNickname, up.avatar as sellerAvatar, ifnull(cs.score,100) as creditScore  from product p left join battery_record b on p.battery_id = b.id left join user_profile up on p.seller_id = up.user_id left join credit_score cs on p.seller_id = cs.user_id  where p.deleted_flag = 0 and p.draft_flag = 0 and p.publish_status in ('ON_SHELF','SOLD_OUT')  order by  p.favorite_count desc, p.id desc  limit ?, ?]
2026-04-23 05:36:48.626 DEBUG 12180 --- [nio-8081-exec-1] m.m.a.RequestResponseBodyMethodProcessor : Using 'application/json', given [application/json, text/plain, */*] and supported [application/json, application/*+json, application/json, application/*+json]
2026-04-23 05:36:48.626 DEBUG 12180 --- [nio-8081-exec-1] m.m.a.RequestResponseBodyMethodProcessor : Writing [Result(code=200, message=success, data={records=[{id=2046448787648917513, seller_id=4, battery_id=20 (truncated)...]
2026-04-23 05:36:48.629 DEBUG 12180 --- [nio-8081-exec-1] o.s.web.servlet.DispatcherServlet        : Completed 200 OK
2026-04-23 05:36:48.921 DEBUG 12180 --- [nio-8081-exec-6] o.s.web.servlet.DispatcherServlet        : GET "/api/trade/cart", parameters={}
2026-04-23 05:36:48.922 DEBUG 12180 --- [nio-8081-exec-6] s.w.s.m.m.a.RequestMappingHandlerMapping : Mapped to com.evbattery.modules.trade.controller.TradeController#cartList()
2026-04-23 05:36:48.923 DEBUG 12180 --- [nio-8081-exec-6] o.s.jdbc.core.JdbcTemplate               : Executing prepared SQL query
2026-04-23 05:36:48.924 DEBUG 12180 --- [nio-8081-exec-6] o.s.jdbc.core.JdbcTemplate               : Executing prepared SQL statement [select c.id as cartId, c.product_id as productId, c.quantity, c.checked_flag as checkedFlag, p.id as id, p.*, if(p.stock < c.quantity or p.publish_status <> 'ON_SHELF', 1, 0) as invalidFlag from cart_item c join product p on c.product_id = p.id where c.user_id = ? order by c.id desc]
2026-04-23 05:36:48.927 DEBUG 12180 --- [nio-8081-exec-6] m.m.a.RequestResponseBodyMethodProcessor : Using 'application/json', given [application/json, text/plain, */*] and supported [application/json, application/*+json, application/json, application/*+json]
2026-04-23 05:36:48.927 DEBUG 12180 --- [nio-8081-exec-6] m.m.a.RequestResponseBodyMethodProcessor : Writing [Result(code=200, message=success, data=[])]
2026-04-23 05:36:48.929 DEBUG 12180 --- [nio-8081-exec-6] o.s.web.servlet.DispatcherServlet        : Completed 200 OK
2026-04-23 05:36:48.968 DEBUG 12180 --- [nio-8081-exec-5] o.s.web.servlet.DispatcherServlet        : GET "/api/trade/favorites/2046448787648917512/status", parameters={}
2026-04-23 05:36:48.968 DEBUG 12180 --- [nio-8081-exec-9] o.s.web.servlet.DispatcherServlet        : GET "/api/trade/favorites/2046448787648917513/status", parameters={}
2026-04-23 05:36:48.969 DEBUG 12180 --- [nio-8081-exec-3] o.s.web.servlet.DispatcherServlet        : GET "/api/trade/favorites/2046448787648917511/status", parameters={}
2026-04-23 05:36:48.970 DEBUG 12180 --- [io-8081-exec-10] o.s.web.servlet.DispatcherServlet        : GET "/api/trade/favorites/2046448787648917510/status", parameters={}
2026-04-23 05:36:48.970 DEBUG 12180 --- [nio-8081-exec-5] s.w.s.m.m.a.RequestMappingHandlerMapping : Mapped to com.evbattery.modules.trade.controller.TradeController#favoriteStatus(Long)
2026-04-23 05:36:48.970 DEBUG 12180 --- [nio-8081-exec-9] s.w.s.m.m.a.RequestMappingHandlerMapping : Mapped to com.evbattery.modules.trade.controller.TradeController#favoriteStatus(Long)
2026-04-23 05:36:48.971 DEBUG 12180 --- [nio-8081-exec-3] s.w.s.m.m.a.RequestMappingHandlerMapping : Mapped to com.evbattery.modules.trade.controller.TradeController#favoriteStatus(Long)
2026-04-23 05:36:48.971 DEBUG 12180 --- [nio-8081-exec-4] o.s.web.servlet.DispatcherServlet        : GET "/api/trade/favorites/2046448787648917509/status", parameters={}
2026-04-23 05:36:48.971 DEBUG 12180 --- [io-8081-exec-10] s.w.s.m.m.a.RequestMappingHandlerMapping : Mapped to com.evbattery.modules.trade.controller.TradeController#favoriteStatus(Long)
2026-04-23 05:36:48.975 DEBUG 12180 --- [nio-8081-exec-3] o.s.jdbc.core.JdbcTemplate               : Executing prepared SQL query
2026-04-23 05:36:48.974 DEBUG 12180 --- [nio-8081-exec-9] o.s.jdbc.core.JdbcTemplate               : Executing prepared SQL query
2026-04-23 05:36:48.976 DEBUG 12180 --- [nio-8081-exec-9] o.s.jdbc.core.JdbcTemplate               : Executing prepared SQL statement [select count(1) from favorite_product where user_id = ? and product_id = ?]
2026-04-23 05:36:48.975 DEBUG 12180 --- [nio-8081-exec-5] o.s.jdbc.core.JdbcTemplate               : Executing prepared SQL query
2026-04-23 05:36:48.975 DEBUG 12180 --- [nio-8081-exec-4] s.w.s.m.m.a.RequestMappingHandlerMapping : Mapped to com.evbattery.modules.trade.controller.TradeController#favoriteStatus(Long)
2026-04-23 05:36:48.976 DEBUG 12180 --- [io-8081-exec-10] o.s.jdbc.core.JdbcTemplate               : Executing prepared SQL query
2026-04-23 05:36:48.976 DEBUG 12180 --- [nio-8081-exec-3] o.s.jdbc.core.JdbcTemplate               : Executing prepared SQL statement [select count(1) from favorite_product where user_id = ? and product_id = ?]
2026-04-23 05:36:48.977 DEBUG 12180 --- [nio-8081-exec-5] o.s.jdbc.core.JdbcTemplate               : Executing prepared SQL statement [select count(1) from favorite_product where user_id = ? and product_id = ?]
2026-04-23 05:36:48.977 DEBUG 12180 --- [io-8081-exec-10] o.s.jdbc.core.JdbcTemplate               : Executing prepared SQL statement [select count(1) from favorite_product where user_id = ? and product_id = ?]
2026-04-23 05:36:48.982 DEBUG 12180 --- [nio-8081-exec-9] m.m.a.RequestResponseBodyMethodProcessor : Using 'application/json', given [application/json, text/plain, */*] and supported [application/json, application/*+json, application/json, application/*+json]
2026-04-23 05:36:48.982 DEBUG 12180 --- [nio-8081-exec-4] o.s.jdbc.core.JdbcTemplate               : Executing prepared SQL query
2026-04-23 05:36:48.984 DEBUG 12180 --- [nio-8081-exec-4] o.s.jdbc.core.JdbcTemplate               : Executing prepared SQL statement [select count(1) from favorite_product where user_id = ? and product_id = ?]
2026-04-23 05:36:48.982 DEBUG 12180 --- [nio-8081-exec-9] m.m.a.RequestResponseBodyMethodProcessor : Writing [Result(code=200, message=success, data={favorite=false})]
2026-04-23 05:36:48.982 DEBUG 12180 --- [nio-8081-exec-3] m.m.a.RequestResponseBodyMethodProcessor : Using 'application/json', given [application/json, text/plain, */*] and supported [application/json, application/*+json, application/json, application/*+json]
2026-04-23 05:36:48.982 DEBUG 12180 --- [io-8081-exec-10] m.m.a.RequestResponseBodyMethodProcessor : Using 'application/json', given [application/json, text/plain, */*] and supported [application/json, application/*+json, application/json, application/*+json]
2026-04-23 05:36:48.986 DEBUG 12180 --- [io-8081-exec-10] m.m.a.RequestResponseBodyMethodProcessor : Writing [Result(code=200, message=success, data={favorite=false})]
2026-04-23 05:36:48.982 DEBUG 12180 --- [nio-8081-exec-5] m.m.a.RequestResponseBodyMethodProcessor : Using 'application/json', given [application/json, text/plain, */*] and supported [application/json, application/*+json, application/json, application/*+json]
2026-04-23 05:36:48.985 DEBUG 12180 --- [nio-8081-exec-3] m.m.a.RequestResponseBodyMethodProcessor : Writing [Result(code=200, message=success, data={favorite=false})]
2026-04-23 05:36:48.987 DEBUG 12180 --- [nio-8081-exec-9] o.s.web.servlet.DispatcherServlet        : Completed 200 OK
2026-04-23 05:36:48.988 DEBUG 12180 --- [nio-8081-exec-5] m.m.a.RequestResponseBodyMethodProcessor : Writing [Result(code=200, message=success, data={favorite=false})]
2026-04-23 05:36:48.989 DEBUG 12180 --- [nio-8081-exec-4] m.m.a.RequestResponseBodyMethodProcessor : Using 'application/json', given [application/json, text/plain, */*] and supported [application/json, application/*+json, application/json, application/*+json]
2026-04-23 05:36:48.992 DEBUG 12180 --- [nio-8081-exec-5] o.s.web.servlet.DispatcherServlet        : Completed 200 OK
2026-04-23 05:36:48.989 DEBUG 12180 --- [io-8081-exec-10] o.s.web.servlet.DispatcherServlet        : Completed 200 OK
2026-04-23 05:36:48.991 DEBUG 12180 --- [nio-8081-exec-3] o.s.web.servlet.DispatcherServlet        : Completed 200 OK
2026-04-23 05:36:48.991 DEBUG 12180 --- [nio-8081-exec-4] m.m.a.RequestResponseBodyMethodProcessor : Writing [Result(code=200, message=success, data={favorite=false})]
2026-04-23 05:36:48.998 DEBUG 12180 --- [nio-8081-exec-4] o.s.web.servlet.DispatcherServlet        : Completed 200 OK
2026-04-23 05:36:49.251 DEBUG 12180 --- [nio-8081-exec-8] o.s.web.servlet.DispatcherServlet        : GET "/api/trade/favorites/2046448787648917508/status", parameters={}
2026-04-23 05:36:49.252 DEBUG 12180 --- [nio-8081-exec-8] s.w.s.m.m.a.RequestMappingHandlerMapping : Mapped to com.evbattery.modules.trade.controller.TradeController#favoriteStatus(Long)
2026-04-23 05:36:49.254 DEBUG 12180 --- [nio-8081-exec-8] o.s.jdbc.core.JdbcTemplate               : Executing prepared SQL query
2026-04-23 05:36:49.255 DEBUG 12180 --- [nio-8081-exec-8] o.s.jdbc.core.JdbcTemplate               : Executing prepared SQL statement [select count(1) from favorite_product where user_id = ? and product_id = ?]
2026-04-23 05:36:49.258 DEBUG 12180 --- [nio-8081-exec-8] m.m.a.RequestResponseBodyMethodProcessor : Using 'application/json', given [application/json, text/plain, */*] and supported [application/json, application/*+json, application/json, application/*+json]
2026-04-23 05:36:49.259 DEBUG 12180 --- [nio-8081-exec-8] m.m.a.RequestResponseBodyMethodProcessor : Writing [Result(code=200, message=success, data={favorite=false})]
2026-04-23 05:36:49.262 DEBUG 12180 --- [nio-8081-exec-8] o.s.web.servlet.DispatcherServlet        : Completed 200 OK
2026-04-23 05:36:49.317 DEBUG 12180 --- [nio-8081-exec-7] o.s.web.servlet.DispatcherServlet        : GET "/api/trade/favorites/2046448787648917507/status", parameters={}
2026-04-23 05:36:49.318 DEBUG 12180 --- [nio-8081-exec-2] o.s.web.servlet.DispatcherServlet        : GET "/api/trade/favorites/2046448787648917506/status", parameters={}
2026-04-23 05:36:49.318 DEBUG 12180 --- [nio-8081-exec-7] s.w.s.m.m.a.RequestMappingHandlerMapping : Mapped to com.evbattery.modules.trade.controller.TradeController#favoriteStatus(Long)
2026-04-23 05:36:49.319 DEBUG 12180 --- [nio-8081-exec-2] s.w.s.m.m.a.RequestMappingHandlerMapping : Mapped to com.evbattery.modules.trade.controller.TradeController#favoriteStatus(Long)
2026-04-23 05:36:49.321 DEBUG 12180 --- [nio-8081-exec-2] o.s.jdbc.core.JdbcTemplate               : Executing prepared SQL query
2026-04-23 05:36:49.321 DEBUG 12180 --- [nio-8081-exec-7] o.s.jdbc.core.JdbcTemplate               : Executing prepared SQL query
2026-04-23 05:36:49.322 DEBUG 12180 --- [nio-8081-exec-2] o.s.jdbc.core.JdbcTemplate               : Executing prepared SQL statement [select count(1) from favorite_product where user_id = ? and product_id = ?]
2026-04-23 05:36:49.323 DEBUG 12180 --- [nio-8081-exec-7] o.s.jdbc.core.JdbcTemplate               : Executing prepared SQL statement [select count(1) from favorite_product where user_id = ? and product_id = ?]
2026-04-23 05:36:49.326 DEBUG 12180 --- [nio-8081-exec-7] m.m.a.RequestResponseBodyMethodProcessor : Using 'application/json', given [application/json, text/plain, */*] and supported [application/json, application/*+json, application/json, application/*+json]
2026-04-23 05:36:49.326 DEBUG 12180 --- [nio-8081-exec-2] m.m.a.RequestResponseBodyMethodProcessor : Using 'application/json', given [application/json, text/plain, */*] and supported [application/json, application/*+json, application/json, application/*+json]
2026-04-23 05:36:49.327 DEBUG 12180 --- [nio-8081-exec-7] m.m.a.RequestResponseBodyMethodProcessor : Writing [Result(code=200, message=success, data={favorite=false})]
2026-04-23 05:36:49.327 DEBUG 12180 --- [nio-8081-exec-2] m.m.a.RequestResponseBodyMethodProcessor : Writing [Result(code=200, message=success, data={favorite=false})]
2026-04-23 05:36:49.329 DEBUG 12180 --- [nio-8081-exec-7] o.s.web.servlet.DispatcherServlet        : Completed 200 OK
2026-04-23 05:36:49.331 DEBUG 12180 --- [nio-8081-exec-2] o.s.web.servlet.DispatcherServlet        : Completed 200 OK
2026-04-23 05:36:50.001 DEBUG 12180 --- [nio-8081-exec-1] o.s.web.servlet.DispatcherServlet        : GET "/api/battery/list?page=1&size=200", parameters={masked}
2026-04-23 05:36:50.001 DEBUG 12180 --- [nio-8081-exec-1] s.w.s.m.m.a.RequestMappingHandlerMapping : Mapped to com.evbattery.modules.battery.controller.BatteryController#list(Integer, Integer, String, List, List, BigDecimal, BigDecimal, BigDecimal, BigDecimal, Integer, Integer, BigDecimal, BigDecimal, List, String, String, String, String, String)
2026-04-23 05:36:50.004 DEBUG 12180 --- [nio-8081-exec-1] o.s.jdbc.core.JdbcTemplate               : Executing prepared SQL query
2026-04-23 05:36:50.006 DEBUG 12180 --- [nio-8081-exec-1] o.s.jdbc.core.JdbcTemplate               : Executing prepared SQL statement [select count(1) from battery_record br  where br.is_deleted = 0 and br.created_by = ? ]
2026-04-23 05:36:50.009 DEBUG 12180 --- [nio-8081-exec-1] o.s.jdbc.core.JdbcTemplate               : Executing prepared SQL query
2026-04-23 05:36:50.009 DEBUG 12180 --- [nio-8081-exec-1] o.s.jdbc.core.JdbcTemplate               : Executing prepared SQL statement [select br.id as id, br.battery_code as batteryCode, br.source_type as sourceType, br.bms_raw_file_path as bmsRawFilePath, br.feature_json as featureJson, br.audit_status as auditStatus, br.status as status, br.remark as remark, br.created_by as createdBy, br.voltage as voltage, br.capacity_retention_rate as capacityRetentionRate, br.internal_resistance_ratio as internalResistanceRatio, br.cycle_count as cycleCount, br.avg_temperature as avgTemperature, br.created_at as createdAt, br.updated_at as updatedAt, la.health_score as latestHealthScore, la.health_level as latestHealthLevel, la.assessment_time as latestAssessmentTime from battery_record br left join (select ha.* from health_assessment ha join (select battery_id, max(id) as max_id from health_assessment group by battery_id) latest on latest.max_id = ha.id) la on la.battery_id = br.id  where br.is_deleted = 0 and br.created_by = ?  order by br.created_at desc limit ?, ?]
2026-04-23 05:36:50.013 DEBUG 12180 --- [nio-8081-exec-1] o.s.jdbc.core.JdbcTemplate               : Executing prepared SQL query
2026-04-23 05:36:50.013 DEBUG 12180 --- [nio-8081-exec-1] o.s.jdbc.core.JdbcTemplate               : Executing prepared SQL statement [select btr.battery_id as batteryId, t.id as id, t.name as name, t.color as color from battery_tag_relation btr join tag t on t.id = btr.tag_id where btr.battery_id in (?, ?, ?, ?, ?, ?, ?, ?, ?, ?)]
2026-04-23 05:36:50.015 DEBUG 12180 --- [nio-8081-exec-1] m.m.a.RequestResponseBodyMethodProcessor : Using 'application/json', given [application/json, text/plain, */*] and supported [application/json, application/*+json, application/json, application/*+json]
2026-04-23 05:36:50.017 DEBUG 12180 --- [nio-8081-exec-1] m.m.a.RequestResponseBodyMethodProcessor : Writing [Result(code=200, message=success, data={records=[{id=2045950728737337346, batteryCode=EVB-1776627640 (truncated)...]
2026-04-23 05:36:50.019 DEBUG 12180 --- [nio-8081-exec-1] o.s.web.servlet.DispatcherServlet        : Completed 200 OK
